uuid,cardId,cardNumber,account
8b279e1d-8b5a-485e-901d-5e0e127429c0,114,7378073493579369,1658921
8b279e1d-8b5a-485e-901d-5e0e127429c1,113,2311083964887489,8547367
8b279e1d-8b5a-485e-901d-5e0e127429c2,115,9784061497285696,4786182
8b279e1d-8b5a-485e-901d-5e0e127429c3,116,9814035513859657,4152848
8b279e1d-8b5a-485e-901d-5e0e127429c4,117,8958011282574515,1492296
8b279e1d-8b5a-485e-901d-5e0e127429c5,118,7122038233167967,4685193
8b279e1d-8b5a-485e-901d-5e0e127429c6,119,1299059451521916,9991596
8b279e1d-8b5a-485e-901d-5e0e127429c7,120,1659052672682216,9671454
8b279e1d-8b5a-485e-901d-5e0e127429c8,121,6314078334356837,7489142
8b279e1d-8b5a-485e-901d-5e0e127429c9,122,2164013433795426,3487156
8b279e1d-8b5a-485e-901d-5e0e127429a0,123,4694084191545667,9873348
8b279e1d-8b5a-485e-901d-5e0e127429a1,124,1551065534979827,9442778
8b279e1d-8b5a-485e-901d-5e0e127429a2,124,7715031794169844,7288488
8b279e1d-8b5a-485e-901d-5e0e127429a3,124,1399037464229878,9797844
8b279e1d-8b5a-485e-901d-5e0e127429a4,124,9895077616884974,6512973
8b279e1d-8b5a-485e-901d-5e0e127429a5,125,6313084148234378,6135455
8b279e1d-8b5a-485e-901d-5e0e127429a6,126,8227076316544548,8337487
8b279e1d-8b5a-485e-901d-5e0e127429a7,127,3866026848589259,3168967
8b279e1d-8b5a-485e-901d-5e0e127429a8,128,5124056933532594,8236332
8b279e1d-8b5a-485e-901d-5e0e127429a9,129,2338065176483843,7155915
8b279e1d-8b5a-485e-901d-5e0e127429b0,130,8787097531457394,8953781
8b279e1d-8b5a-485e-901d-5e0e127429b1,130,7982094159619324,4141588
8b279e1d-8b5a-485e-901d-5e0e127429b2,130,7752062423718397,4177973
8b279e1d-8b5a-485e-901d-5e0e127429b3,130,9925042671128673,6952569
8b279e1d-8b5a-485e-901d-5e0e127429b4,131,6168075554231328,2974725
8b279e1d-8b5a-485e-901d-5e0e127429b5,132,7872088984796341,5752581
8b279e1d-8b5a-485e-901d-5e0e127429b6,133,3574023911268812,1426311
8b279e1d-8b5a-485e-901d-5e0e127429b7,134,9749085432728433,9113517
8b279e1d-8b5a-485e-901d-5e0e127429b8,135,9634042525416465,5113845
8b279e1d-8b5a-485e-901d-5e0e127429b9,137,9587071651257816,7294886
8b279e1d-8b5a-485e-901d-5e0e127429d0,138,9867082131716173,7751674
8b279e1d-8b5a-485e-901d-5e0e127429d1,139,5693038214878126,8218874
8b279e1d-8b5a-485e-901d-5e0e127429d2,140,1998081449734672,8579773
8b279e1d-8b5a-485e-901d-5e0e127429d3,141,2655027116845737,3928377
8b279e1d-8b5a-485e-901d-5e0e127429d4,143,6697075364556784,1982833
8b279e1d-8b5a-485e-901d-5e0e127429d5,144,6517059818676396,1223914
8b279e1d-8b5a-485e-901d-5e0e127429d6,145,4378011652325324,4364873
8b279e1d-8b5a-485e-901d-5e0e127429d7,146,4124014231985545,1449117
8b279e1d-8b5a-485e-901d-5e0e127429d8,147,1467054666115727,6214226
8b279e1d-8b5a-485e-901d-5e0e127429d9,149,4187086415412154,3138327
8b279e1d-8b5a-485e-901d-5e0e127429e0,150,1984032749452946,3311447
8b279e1d-8b5a-485e-901d-5e0e127429e1,151,8671011898217621,3282348
8b279e1d-8b5a-485e-901d-5e0e127429e2,152,6696063421597426,9146933
8b279e1d-8b5a-485e-901d-5e0e127429e3,153,6523023782359514,6538591
8b279e1d-8b5a-485e-901d-5e0e127429e4,155,2541014489667712,9331422
8b279e1d-8b5a-485e-901d-5e0e127429e5,156,9178048882963752,9396822
8b279e1d-8b5a-485e-901d-5e0e127429e6,157,1389046944779861,8717117
8b279e1d-8b5a-485e-901d-5e0e127429e7,158,4553036955858352,8472489
8b279e1d-8b5a-485e-901d-5e0e127429e8,159,2383044689867491,1457336
8b279e1d-8b5a-485e-901d-5e0e127429e9,161,2128054843381335,6114447
8b279e1d-8b5a-485e-901d-5e0e127429f0,162,1596046458355963,6999875
8b279e1d-8b5a-485e-901d-5e0e127429f1,163,2858033583238291,6162291
8b279e1d-8b5a-485e-901d-5e0e127429f2,164,8119042327292688,1169643
8b279e1d-8b5a-485e-901d-5e0e127429f3,165,4495098518525889,1194571
8b279e1d-8b5a-485e-901d-5e0e127429f4,167,5887078579166191,2722559
8b279e1d-8b5a-485e-901d-5e0e127429f5,168,7833078267826638,5831385
8b279e1d-8b5a-485e-901d-5e0e127429f6,169,7421097871142281,4897818
8b279e1d-8b5a-485e-901d-5e0e127429f7,170,1873027959175128,2739483
8b279e1d-8b5a-485e-901d-5e0e127429f8,171,2751043431672184,8458317
8b279e1d-8b5a-485e-901d-5e0e127429f9,172,6567031616639555,1588662
8b279e1d-8b5a-485e-901d-5e0e127429g0,173,5717024469264537,2646472
8b279e1d-8b5a-485e-901d-5e0e127429g1,174,6147061132765742,2436632
8b279e1d-8b5a-485e-901d-5e0e127429g2,175,8418038342198486,9531751
8b279e1d-8b5a-485e-901d-5e0e127429g3,176,3672098938825328,8959359
8b279e1d-8b5a-485e-901d-5e0e127429g4,177,4252055822173489,7297656
8b279e1d-8b5a-485e-901d-5e0e127429g5,178,6515067582629691,8455285
8b279e1d-8b5a-485e-901d-5e0e127429g6,179,6741099349732349,4584855
8b279e1d-8b5a-485e-901d-5e0e127429g7,180,7714032395315193,7815773
8b279e1d-8b5a-485e-901d-5e0e127429g8,181,7515066237587749,8278298
8b279e1d-8b5a-485e-901d-5e0e127429g9,182,8394071432895653,6271869
8b279e1d-8b5a-485e-901d-5e0e127429h0,183,7688071611151314,2552378
8b279e1d-8b5a-485e-901d-5e0e127429h1,183,7662032319272298,5667725
8b279e1d-8b5a-485e-901d-5e0e127429h2,183,1373097855471693,3786317
8b279e1d-8b5a-485e-901d-5e0e127429h3,183,4141037761615955,7464963
8b279e1d-8b5a-485e-901d-5e0e127429h4,184,8238037385292612,1932135
8b279e1d-8b5a-485e-901d-5e0e127429h5,185,9487031654469995,8523575
8b279e1d-8b5a-485e-901d-5e0e127429h6,186,2258064512296371,7588462
8b279e1d-8b5a-485e-901d-5e0e127429h7,187,7996011425388824,8886566
8b279e1d-8b5a-485e-901d-5e0e127429h8,188,5679067766444527,5782499
8b279e1d-8b5a-485e-901d-5e0e127429h9,189,4829042718749386,5118783
8b279e1d-8b5a-485e-901d-5e0e127429i0,189,6935064817633494,8425191
8b279e1d-8b5a-485e-901d-5e0e127429i1,189,6185014649898887,9714866
8b279e1d-8b5a-485e-901d-5e0e127429i2,189,8964084659619827,6127775
8b279e1d-8b5a-485e-901d-5e0e127429i3,190,5275041523413799,1114744
8b279e1d-8b5a-485e-901d-5e0e127429i4,191,1372037754376723,1491633
8b279e1d-8b5a-485e-901d-5e0e127429i5,192,3923019636794871,9475727
8b279e1d-8b5a-485e-901d-5e0e127429i6,193,7867038829262893,9422169
8b279e1d-8b5a-485e-901d-5e0e127429i7,194,5889051247967749,4895372
8b279e1d-8b5a-485e-901d-5e0e127429i8,196,9584031487699596,4466791
8b279e1d-8b5a-485e-901d-5e0e127429i9,197,4457051219594574,4911979
8b279e1d-8b5a-485e-901d-5e0e127429j0,198,2244041776418839,2649138
8b279e1d-8b5a-485e-901d-5e0e127429j1,199,1181087412782735,1292365
8b279e1d-8b5a-485e-901d-5e0e127429j2,200,4547078276293841,4846711
8b279e1d-8b5a-485e-901d-5e0e127429j3,202,5678028212645436,3974264
8b279e1d-8b5a-485e-901d-5e0e127429j4,203,6216035182949921,1795256
8b279e1d-8b5a-485e-901d-5e0e127429j5,204,5659035755444983,5759878
8b279e1d-8b5a-485e-901d-5e0e127429j6,205,2978057213146717,7712236
8b279e1d-8b5a-485e-901d-5e0e127429j7,206,5686051648512581,1663888
8b279e1d-8b5a-485e-901d-5e0e127429j8,208,4412031168471391,7738956
8b279e1d-8b5a-485e-901d-5e0e127429j9,209,3589049579682388,7649762
8b279e1d-8b5a-485e-901d-5e0e127429k0,210,7725066825838471,8132361
8b279e1d-8b5a-485e-901d-5e0e127429k1,211,8668023484964684,1799184
8b279e1d-8b5a-485e-901d-5e0e127429k2,212,7362025672525628,4219436
8b279e1d-8b5a-485e-901d-5e0e127429k3,214,7442092199578229,4489284
8b279e1d-8b5a-485e-901d-5e0e127429k4,215,3364057982278872,1523341
8b279e1d-8b5a-485e-901d-5e0e127429k5,216,6948011847326324,3794723
8b279e1d-8b5a-485e-901d-5e0e127429k6,217,4278098282147365,4568863
8b279e1d-8b5a-485e-901d-5e0e127429k7,218,9438098926784453,9917949
8b279e1d-8b5a-485e-901d-5e0e127429k8,220,9776066271335451,6769669
8b279e1d-8b5a-485e-901d-5e0e127429k9,221,5885064731373592,9574896
8b279e1d-8b5a-485e-901d-5e0e127429l0,222,3866039427854166,4651325
8b279e1d-8b5a-485e-901d-5e0e127429l1,223,8181092887423231,3242846
8b279e1d-8b5a-485e-901d-5e0e127429l2,224,5751015324456835,5842978
8b279e1d-8b5a-485e-901d-5e0e127429l3,226,5739072167564161,5777675
8b279e1d-8b5a-485e-901d-5e0e127429l4,227,1288067539573392,7242883
8b279e1d-8b5a-485e-901d-5e0e127429l5,228,6396046554474437,1256437
8b279e1d-8b5a-485e-901d-5e0e127429l6,229,6583042672316626,7179176
8b279e1d-8b5a-485e-901d-5e0e127429l7,230,5948062429777371,3899361
8b279e1d-8b5a-485e-901d-5e0e127429l8,231,8527042145824473,8831912
8b279e1d-8b5a-485e-901d-5e0e127429l9,232,4748038379126443,5995639
8b279e1d-8b5a-485e-901d-5e0e127429m0,233,3239064948814571,7337651
8b279e1d-8b5a-485e-901d-5e0e127429m1,234,8949081214247943,1755544
8b279e1d-8b5a-485e-901d-5e0e127429m2,235,5659062366235114,4852915
8b279e1d-8b5a-485e-901d-5e0e127429m3,236,8158013168117415,1692861
8b279e1d-8b5a-485e-901d-5e0e127429m4,237,2343014328284176,1265296
8b279e1d-8b5a-485e-901d-5e0e127429m5,238,6526083616857144,9397779
8b279e1d-8b5a-485e-901d-5e0e127429m6,239,9837067918582897,8352662
8b279e1d-8b5a-485e-901d-5e0e127429m7,240,8943068341161644,4131411
8b279e1d-8b5a-485e-901d-5e0e127429m8,241,5932085388684931,7472737
8b279e1d-8b5a-485e-901d-5e0e127429m9,242,9992067569691717,3178754
8b279e1d-8b5a-485e-901d-5e0e127429n0,242,8886098755975681,7673662
8b279e1d-8b5a-485e-901d-5e0e127429n1,242,2271036261479769,8816139
8b279e1d-8b5a-485e-901d-5e0e127429n2,242,6895099676657828,8887197
8b279e1d-8b5a-485e-901d-5e0e127429n3,243,3475016195318313,3566494
8b279e1d-8b5a-485e-901d-5e0e127429n4,244,7629077114591255,3595449
8b279e1d-8b5a-485e-901d-5e0e127429n5,245,8573065137139675,5484624
8b279e1d-8b5a-485e-901d-5e0e127429n6,246,8586094652845226,7146172
8b279e1d-8b5a-485e-901d-5e0e127429n7,247,4784034873531777,9484714
8b279e1d-8b5a-485e-901d-5e0e127429n8,248,3161017186482423,7182164
8b279e1d-8b5a-485e-901d-5e0e127429n9,248,5693094939248984,7296634
8b279e1d-8b5a-485e-901d-5e0e127429o0,248,3773047532498961,9133385
8b279e1d-8b5a-485e-901d-5e0e127429o1,248,9237022972873621,7135736
8b279e1d-8b5a-485e-901d-5e0e127429o2,249,2633073488412766,1644543
8b279e1d-8b5a-485e-901d-5e0e127429o3,250,2693052725936818,1988373
8b279e1d-8b5a-485e-901d-5e0e127429o4,251,9256042912266452,6489519
8b279e1d-8b5a-485e-901d-5e0e127429o5,252,1435042357928767,4541841
8b279e1d-8b5a-485e-901d-5e0e127429o6,253,2573072415992482,1776948
8b279e1d-8b5a-485e-901d-5e0e127429o7,255,2153037616251217,2178688
8b279e1d-8b5a-485e-901d-5e0e127429o8,256,2483095191314532,1971736
8b279e1d-8b5a-485e-901d-5e0e127429o9,257,6993013351688899,7986121
8b279e1d-8b5a-485e-901d-5e0e127429p0,258,8948072761959855,9146693
8b279e1d-8b5a-485e-901d-5e0e127429p1,259,5463033226911656,8792517
8b279e1d-8b5a-485e-901d-5e0e127429p2,261,8232059129494612,3349797
8b279e1d-8b5a-485e-901d-5e0e127429p3,262,9496021343481419,6755874
8b279e1d-8b5a-485e-901d-5e0e127429p4,263,8318055694217888,1571292
8b279e1d-8b5a-485e-901d-5e0e127429p5,264,5662096826786845,7122835
8b279e1d-8b5a-485e-901d-5e0e127429p6,265,2343067734992279,2875871
8b279e1d-8b5a-485e-901d-5e0e127429p7,267,1521015923921234,1592492
8b279e1d-8b5a-485e-901d-5e0e127429p8,268,7968065626623876,1438482
8b279e1d-8b5a-485e-901d-5e0e127429p9,269,8115033529449592,7954294
8b279e1d-8b5a-485e-901d-5e0e127429q0,270,8124093513114398,5426598
8b279e1d-8b5a-485e-901d-5e0e127429q1,271,6948022623957247,2785187
8b279e1d-8b5a-485e-901d-5e0e127429q2,273,4432076544825692,8138711
8b279e1d-8b5a-485e-901d-5e0e127429q3,274,9865069693848623,6196557
8b279e1d-8b5a-485e-901d-5e0e127429q4,275,2832039116696975,1875812
8b279e1d-8b5a-485e-901d-5e0e127429q5,276,4444042524782825,1857478
8b279e1d-8b5a-485e-901d-5e0e127429q6,277,5771052296627135,6133785
8b279e1d-8b5a-485e-901d-5e0e127429q7,279,2319073563133143,7995154
8b279e1d-8b5a-485e-901d-5e0e127429q8,280,4899023644576723,5883669
8b279e1d-8b5a-485e-901d-5e0e127429q9,281,9713032622588334,3221569
8b279e1d-8b5a-485e-901d-5e0e127429r0,282,5745043223419969,9352137
8b279e1d-8b5a-485e-901d-5e0e127429r1,283,7619055528919846,2484687
8b279e1d-8b5a-485e-901d-5e0e127429r2,285,1428062584222799,8851885
8b279e1d-8b5a-485e-901d-5e0e127429r3,286,5111066398114582,5457789
8b279e1d-8b5a-485e-901d-5e0e127429r4,287,7731082882924882,4757878
8b279e1d-8b5a-485e-901d-5e0e127429r5,288,5762034717844156,6754278
8b279e1d-8b5a-485e-901d-5e0e127429r6,289,6644079945189559,8421116
8b279e1d-8b5a-485e-901d-5e0e127429r7,290,4891055829311135,6213584
8b279e1d-8b5a-485e-901d-5e0e127429r8,291,4633094373373495,8627381
8b279e1d-8b5a-485e-901d-5e0e127429r9,292,9683043316636815,3118926
8b279e1d-8b5a-485e-901d-5e0e127429s0,293,2511045294451188,9697726
8b279e1d-8b5a-485e-901d-5e0e127429s1,294,9323078429537751,3563421
8b279e1d-8b5a-485e-901d-5e0e127429s2,295,7946038259436356,9699141
8b279e1d-8b5a-485e-901d-5e0e127429s3,296,4951047741495225,7662992
8b279e1d-8b5a-485e-901d-5e0e127429s4,297,9611013318469768,1475844
8b279e1d-8b5a-485e-901d-5e0e127429s5,298,5537097858854781,2942691
8b279e1d-8b5a-485e-901d-5e0e127429s6,299,1967072424168171,6951284
8b279e1d-8b5a-485e-901d-5e0e127429s7,300,5444058954645928,9258438
8b279e1d-8b5a-485e-901d-5e0e127429s8,301,5257071615962954,3147295
8b279e1d-8b5a-485e-901d-5e0e127429s9,301,2368078534683582,7999856
8b279e1d-8b5a-485e-901d-5e0e127429t0,301,5565014183146425,9187981
8b279e1d-8b5a-485e-901d-5e0e127429t1,301,7975017934957528,8786137
8b279e1d-8b5a-485e-901d-5e0e127429t2,302,1569086392125423,8983828
8b279e1d-8b5a-485e-901d-5e0e127429t3,303,7754028674537893,6946659
8b279e1d-8b5a-485e-901d-5e0e127429t4,304,7641073348625535,4912929
8b279e1d-8b5a-485e-901d-5e0e127429t5,305,8414059114266614,6266864
8b279e1d-8b5a-485e-901d-5e0e127429t6,306,3185056687146158,2539372
8b279e1d-8b5a-485e-901d-5e0e127429t7,307,1798052761324914,8692179
8b279e1d-8b5a-485e-901d-5e0e127429t8,307,6735079571957843,8158583
8b279e1d-8b5a-485e-901d-5e0e127429t9,307,5575029553581796,9514564
8b279e1d-8b5a-485e-901d-5e0e127429u0,307,6148077583922545,3215356
8b279e1d-8b5a-485e-901d-5e0e127429u1,308,9985031199949245,6148559
8b279e1d-8b5a-485e-901d-5e0e127429u2,309,9176031238734848,6317446
8b279e1d-8b5a-485e-901d-5e0e127429u3,310,7548022539264418,2912456
8b279e1d-8b5a-485e-901d-5e0e127429u4,311,2561093547482216,9751558
8b279e1d-8b5a-485e-901d-5e0e127429u5,312,4662036483595777,7926393
8b279e1d-8b5a-485e-901d-5e0e127429u6,314,5276094431365357,1469342
8b279e1d-8b5a-485e-901d-5e0e127429u7,315,1258021138678977,7649982
8b279e1d-8b5a-485e-901d-5e0e127429u8,316,1638066171965796,7852137
8b279e1d-8b5a-485e-901d-5e0e127429u9,317,7438067739571146,1676533
8b279e1d-8b5a-485e-901d-5e0e127429v0,318,2115017851757678,4752134
8b279e1d-8b5a-485e-901d-5e0e127429v1,320,7165085258736521,7696433
8b279e1d-8b5a-485e-901d-5e0e127429v2,321,5664094991569143,8451393
8b279e1d-8b5a-485e-901d-5e0e127429v3,322,3524036793293718,1766644
8b279e1d-8b5a-485e-901d-5e0e127429v4,323,2884033474793679,2583781
8b279e1d-8b5a-485e-901d-5e0e127429v5,324,5889082669186352,4745676
8b279e1d-8b5a-485e-901d-5e0e127429v6,326,4916044389753194,3313226
8b279e1d-8b5a-485e-901d-5e0e127429v7,327,7979026416146163,3637751
8b279e1d-8b5a-485e-901d-5e0e127429v8,328,3188016593458496,5762738
8b279e1d-8b5a-485e-901d-5e0e127429v9,329,5661033831615589,6887431
8b279e1d-8b5a-485e-901d-5e0e127429w0,330,2439031597544318,8991574
8b279e1d-8b5a-485e-901d-5e0e127429w1,332,6549031188688824,4343518
8b279e1d-8b5a-485e-901d-5e0e127429w2,333,8687016561456892,8112581
8b279e1d-8b5a-485e-901d-5e0e127429w3,334,1937084352119874,7961549
8b279e1d-8b5a-485e-901d-5e0e127429w4,335,9562038131822368,3674734
8b279e1d-8b5a-485e-901d-5e0e127429w5,336,4379026572782313,6961157
8b279e1d-8b5a-485e-901d-5e0e127429w6,338,9327076664243377,8919573
8b279e1d-8b5a-485e-901d-5e0e127429w7,339,2923097539351611,1147187
8b279e1d-8b5a-485e-901d-5e0e127429w8,340,7962069762967139,4741365
8b279e1d-8b5a-485e-901d-5e0e127429w9,341,7284031726988367,6743897
8b279e1d-8b5a-485e-901d-5e0e127429x0,342,2155071199474412,3486881
8b279e1d-8b5a-485e-901d-5e0e127429x1,344,6577017312134517,1983335
8b279e1d-8b5a-485e-901d-5e0e127429x2,345,9147086434176419,8593459
8b279e1d-8b5a-485e-901d-5e0e127429x3,346,4573026721485371,9164676
8b279e1d-8b5a-485e-901d-5e0e127429x4,347,8628027665829797,1451854
8b279e1d-8b5a-485e-901d-5e0e127429x5,348,1214071443335687,3365323
8b279e1d-8b5a-485e-901d-5e0e127429x6,349,5212078988343364,7234188
8b279e1d-8b5a-485e-901d-5e0e127429x7,350,8559075785911228,2562726
8b279e1d-8b5a-485e-901d-5e0e127429x8,351,6289049195999788,3899928
8b279e1d-8b5a-485e-901d-5e0e127429x9,352,8668063871773142,9646946
8b279e1d-8b5a-485e-901d-5e0e127429y0,353,4258047993733312,5173821
8b279e1d-8b5a-485e-901d-5e0e127429y1,354,4328067472315735,4255149
8b279e1d-8b5a-485e-901d-5e0e127429y2,355,5786066698449968,1211952
8b279e1d-8b5a-485e-901d-5e0e127429y3,356,9834082659356736,4849989
8b279e1d-8b5a-485e-901d-5e0e127429y4,357,2867051244511257,6358647
8b279e1d-8b5a-485e-901d-5e0e127429y5,358,8144079766574241,5371655
8b279e1d-8b5a-485e-901d-5e0e127429y6,359,3198047351699224,6934511
8b279e1d-8b5a-485e-901d-5e0e127429y7,360,9363029238125479,3375523
8b279e1d-8b5a-485e-901d-5e0e127429y8,360,4528043574883437,4835428
8b279e1d-8b5a-485e-901d-5e0e127429y9,360,6964094719441414,8277417
8b279e1d-8b5a-485e-901d-5e0e127429z0,360,2154064663595888,3534315
8b279e1d-8b5a-485e-901d-5e0e127429z1,361,4328044471623124,5993114
8b279e1d-8b5a-485e-901d-5e0e127429z2,362,5347044375218618,2534159
8b279e1d-8b5a-485e-901d-5e0e127429z3,363,3864063196879886,2134687
8b279e1d-8b5a-485e-901d-5e0e127429z4,364,3969029715195963,7646871
8b279e1d-8b5a-485e-901d-5e0e127429z5,365,8715043238274498,6734557
8b279e1d-8b5a-485e-901d-5e0e127429z6,366,2581086157692912,9621985
8b279e1d-8b5a-485e-901d-5e0e127429z7,366,6427073328693835,2865243
8b279e1d-8b5a-485e-901d-5e0e127429z8,366,5962069971869588,6996966
8b279e1d-8b5a-485e-901d-5e0e127429z9,366,2732053131688979,9266158
1b279e1d-8b5a-485e-901d-5e0e127429a0,367,1298023171287243,7536515
1b279e1d-8b5a-485e-901d-5e0e127429a1,368,1753038558327874,3935772
1b279e1d-8b5a-485e-901d-5e0e127429a2,369,2347058234593721,6944781
1b279e1d-8b5a-485e-901d-5e0e127429a3,370,5721064898629973,6286371
1b279e1d-8b5a-485e-901d-5e0e127429a4,371,7414016688682173,6793242
1b279e1d-8b5a-485e-901d-5e0e127429a5,373,3638076538368357,6217815
1b279e1d-8b5a-485e-901d-5e0e127429a6,374,1344034897773931,4168869
1b279e1d-8b5a-485e-901d-5e0e127429a7,375,6722053276519815,6269663
1b279e1d-8b5a-485e-901d-5e0e127429a8,376,3927093675863651,4448879
1b279e1d-8b5a-485e-901d-5e0e127429a9,377,1454034225858882,4534341
1b279e1d-8b5a-485e-901d-5e0e127429b0,379,3475054495229138,2547924
1b279e1d-8b5a-485e-901d-5e0e127429b1,380,7279069417997452,2666425
1b279e1d-8b5a-485e-901d-5e0e127429b2,381,9255047765642475,6193341
1b279e1d-8b5a-485e-901d-5e0e127429b3,382,9917011635257239,8825281
1b279e1d-8b5a-485e-901d-5e0e127429b4,383,7167016196864652,9418836
1b279e1d-8b5a-485e-901d-5e0e127429b5,385,1235099686189572,5823229
1b279e1d-8b5a-485e-901d-5e0e127429b6,386,1137013825327641,6637366
1b279e1d-8b5a-485e-901d-5e0e127429b7,387,2234043145822674,2934251
1b279e1d-8b5a-485e-901d-5e0e127429b8,388,5156087999328589,1892181
1b279e1d-8b5a-485e-901d-5e0e127429b9,389,6119036742329511,3842129
1b279e1d-8b5a-485e-901d-5e0e127429c0,391,5176014199394728,2495415
1b279e1d-8b5a-485e-901d-5e0e127429c1,392,3172058366896321,8651587
1b279e1d-8b5a-485e-901d-5e0e127429c2,393,5116034732899522,2955232
1b279e1d-8b5a-485e-901d-5e0e127429c3,394,8886063963661859,7318828
1b279e1d-8b5a-485e-901d-5e0e127429c4,395,9189013981694955,1416249
1b279e1d-8b5a-485e-901d-5e0e127429c5,397,7636095499859524,9325412
1b279e1d-8b5a-485e-901d-5e0e127429c6,398,3718026978671798,6362893
1b279e1d-8b5a-485e-901d-5e0e127429c7,399,5462098578476437,7371153
1b279e1d-8b5a-485e-901d-5e0e127429c8,400,3442062918279865,8555632
1b279e1d-8b5a-485e-901d-5e0e127429c9,401,5776083136226214,1855882
1b279e1d-8b5a-485e-901d-5e0e127429d0,403,2535089653842844,4658289
1b279e1d-8b5a-485e-901d-5e0e127429d1,404,7184086248654993,6326925
1b279e1d-8b5a-485e-901d-5e0e127429d2,405,8341072179418188,2578134
1b279e1d-8b5a-485e-901d-5e0e127429d3,406,3557067792777432,4385433
1b279e1d-8b5a-485e-901d-5e0e127429d4,407,8795059815583511,7555786
1b279e1d-8b5a-485e-901d-5e0e127429d5,408,2565057937462384,3763233
1b279e1d-8b5a-485e-901d-5e0e127429d6,409,7562069315737578,5285248
1b279e1d-8b5a-485e-901d-5e0e127429d7,410,6265055312587128,8647215
1b279e1d-8b5a-485e-901d-5e0e127429d8,411,7748071187564562,1717865
1b279e1d-8b5a-485e-901d-5e0e127429d9,412,7638098262917835,2254749
1b279e1d-8b5a-485e-901d-5e0e127429e0,413,3294022974854762,2272815
1b279e1d-8b5a-485e-901d-5e0e127429e1,414,2728055775117227,7194113
1b279e1d-8b5a-485e-901d-5e0e127429e2,415,6698083655531561,2557936
1b279e1d-8b5a-485e-901d-5e0e127429e3,416,4672099269178445,8262797
1b279e1d-8b5a-485e-901d-5e0e127429e4,417,6248045513783317,3282437
1b279e1d-8b5a-485e-901d-5e0e127429e5,418,5981078992828422,6852438
1b279e1d-8b5a-485e-901d-5e0e127429e6,419,1486088286364975,6922138
1b279e1d-8b5a-485e-901d-5e0e127429e7,419,5243076341429822,8748234
1b279e1d-8b5a-485e-901d-5e0e127429e8,419,9573022748139647,4491818
1b279e1d-8b5a-485e-901d-5e0e127429e9,419,8272081185141432,3962189
1b279e1d-8b5a-485e-901d-5e0e127429f0,420,6247018756487378,2699197
1b279e1d-8b5a-485e-901d-5e0e127429f1,421,4976016531393371,3452827
1b279e1d-8b5a-485e-901d-5e0e127429f2,422,6889066554183618,4581522
1b279e1d-8b5a-485e-901d-5e0e127429f3,423,3392027396325544,8353829
1b279e1d-8b5a-485e-901d-5e0e127429f4,424,4471049979136823,6322682
1b279e1d-8b5a-485e-901d-5e0e127429f5,425,1167046873844915,6334296
1b279e1d-8b5a-485e-901d-5e0e127429f6,425,3375076253368459,2571194
1b279e1d-8b5a-485e-901d-5e0e127429f7,425,2869059978648949,8144197
1b279e1d-8b5a-485e-901d-5e0e127429f8,425,1843082339297856,2843855
1b279e1d-8b5a-485e-901d-5e0e127429f9,426,3513017723453798,9777673
1b279e1d-8b5a-485e-901d-5e0e127429g0,427,2516054314536316,5224918
1b279e1d-8b5a-485e-901d-5e0e127429g1,428,1754087137796189,3865493
1b279e1d-8b5a-485e-901d-5e0e127429g2,429,4385058133483127,1137491
1b279e1d-8b5a-485e-901d-5e0e127429g3,430,1641022949478483,1318449
1b279e1d-8b5a-485e-901d-5e0e127429g4,432,8139095629927482,1619467
1b279e1d-8b5a-485e-901d-5e0e127429g5,433,4254058461347242,1669455
1b279e1d-8b5a-485e-901d-5e0e127429g6,434,5312018424882659,6964851
1b279e1d-8b5a-485e-901d-5e0e127429g7,435,3435086826931968,2662746
1b279e1d-8b5a-485e-901d-5e0e127429g8,436,8861046788281111,3349925
1b279e1d-8b5a-485e-901d-5e0e127429g9,438,8262057284661984,4847463
1b279e1d-8b5a-485e-901d-5e0e127429h0,439,6162091126221793,6117258
1b279e1d-8b5a-485e-901d-5e0e127429h1,440,2323078384481387,2815695
1b279e1d-8b5a-485e-901d-5e0e127429h2,441,3935038851263972,3363889
1b279e1d-8b5a-485e-901d-5e0e127429h3,442,6274034936458254,7641639
1b279e1d-8b5a-485e-901d-5e0e127429h4,444,9557046884287756,7228812
1b279e1d-8b5a-485e-901d-5e0e127429h5,445,6293014968648717,7677872
1b279e1d-8b5a-485e-901d-5e0e127429h6,446,2946075695972574,5211325
1b279e1d-8b5a-485e-901d-5e0e127429h7,447,3779024428139617,6282744
1b279e1d-8b5a-485e-901d-5e0e127429h8,448,7386044321216433,9456658
1b279e1d-8b5a-485e-901d-5e0e127429h9,450,9919044629611967,9187785
1b279e1d-8b5a-485e-901d-5e0e127429i0,451,2849063363269764,7247485
1b279e1d-8b5a-485e-901d-5e0e127429i1,452,7424016889786561,6243522
1b279e1d-8b5a-485e-901d-5e0e127429i2,453,4661066798155955,7844932
1b279e1d-8b5a-485e-901d-5e0e127429i3,454,7959082457596424,2683897
1b279e1d-8b5a-485e-901d-5e0e127429i4,456,2164039647753861,3223849
1b279e1d-8b5a-485e-901d-5e0e127429i5,457,8311083389718766,3565825
1b279e1d-8b5a-485e-901d-5e0e127429i6,458,5674016137127154,9131619
1b279e1d-8b5a-485e-901d-5e0e127429i7,459,3514045713179867,1472866
1b279e1d-8b5a-485e-901d-5e0e127429i8,460,5578056517916275,4248812
1b279e1d-8b5a-485e-901d-5e0e127429i9,462,4817092176358998,3192119
1b279e1d-8b5a-485e-901d-5e0e127429j0,463,5726065155735128,1886434
1b279e1d-8b5a-485e-901d-5e0e127429j1,464,4799046362865789,6888432
1b279e1d-8b5a-485e-901d-5e0e127429j2,465,9839073462936553,9725635
1b279e1d-8b5a-485e-901d-5e0e127429j3,466,7176023352899759,9899191
1b279e1d-8b5a-485e-901d-5e0e127429j4,467,8574066643527868,6212258
1b279e1d-8b5a-485e-901d-5e0e127429j5,468,1775071254846618,5996296
1b279e1d-8b5a-485e-901d-5e0e127429j6,469,6764071345912611,7596812
1b279e1d-8b5a-485e-901d-5e0e127429j7,470,1994017861932317,3347527
1b279e1d-8b5a-485e-901d-5e0e127429j8,471,7545084577793576,7723463
1b279e1d-8b5a-485e-901d-5e0e127429j9,472,9169067392556385,1568947
1b279e1d-8b5a-485e-901d-5e0e127429k0,473,2647015564286282,5972663
1b279e1d-8b5a-485e-901d-5e0e127429k1,474,7938082339846131,2684483
1b279e1d-8b5a-485e-901d-5e0e127429k2,475,7543035854557765,5243886
1b279e1d-8b5a-485e-901d-5e0e127429k3,476,8731061493272613,2541268
1b279e1d-8b5a-485e-901d-5e0e127429k4,477,9679068298357555,9175738
1b279e1d-8b5a-485e-901d-5e0e127429k5,478,1713016586335693,3756861
1b279e1d-8b5a-485e-901d-5e0e127429k6,478,8828076194516656,9757977
1b279e1d-8b5a-485e-901d-5e0e127429k7,478,1579014688389952,8525264
1b279e1d-8b5a-485e-901d-5e0e127429k8,478,4151069355499331,7972219
1b279e1d-8b5a-485e-901d-5e0e127429k9,479,8918025338786984,9781789
1b279e1d-8b5a-485e-901d-5e0e127429l0,480,7155062179772596,8114584
1b279e1d-8b5a-485e-901d-5e0e127429l1,481,9673055811951529,4478843
1b279e1d-8b5a-485e-901d-5e0e127429l2,482,3697088762713484,4742147
1b279e1d-8b5a-485e-901d-5e0e127429l3,483,6542031737166664,6225752
1b279e1d-8b5a-485e-901d-5e0e127429l4,484,8537021562229214,8584462
1b279e1d-8b5a-485e-901d-5e0e127429l5,484,1596032282694188,6923489
1b279e1d-8b5a-485e-901d-5e0e127429l6,484,6523039755487942,7272574
1b279e1d-8b5a-485e-901d-5e0e127429l7,484,2877081657472736,6396561
1b279e1d-8b5a-485e-901d-5e0e127429l8,485,2574064281292947,3621511
1b279e1d-8b5a-485e-901d-5e0e127429l9,486,4188026299489957,4827724
1b279e1d-8b5a-485e-901d-5e0e127429m0,487,7146044422328882,9843329
1b279e1d-8b5a-485e-901d-5e0e127429m1,488,1269056283966198,8551356
1b279e1d-8b5a-485e-901d-5e0e127429m2,489,2137093662365154,5487995
1b279e1d-8b5a-485e-901d-5e0e127429m3,491,8551055464923859,2744799
1b279e1d-8b5a-485e-901d-5e0e127429m4,492,1295096946229859,5881177
1b279e1d-8b5a-485e-901d-5e0e127429m5,493,1643029725693561,3714769
1b279e1d-8b5a-485e-901d-5e0e127429m6,494,8284099943288695,5675672
1b279e1d-8b5a-485e-901d-5e0e127429m7,495,8669085369235199,2859517
1b279e1d-8b5a-485e-901d-5e0e127429m8,497,5923029616125963,8684878
1b279e1d-8b5a-485e-901d-5e0e127429m9,498,2766092815417938,5937228
1b279e1d-8b5a-485e-901d-5e0e127429n0,499,6217046713496623,2465779
1b279e1d-8b5a-485e-901d-5e0e127429n1,500,2514012619278422,2338412
1b279e1d-8b5a-485e-901d-5e0e127429n2,501,2375076389236132,4448686
1b279e1d-8b5a-485e-901d-5e0e127429n3,503,4553019489482749,8722745
1b279e1d-8b5a-485e-901d-5e0e127429n4,504,5855038772842989,9344817
1b279e1d-8b5a-485e-901d-5e0e127429n5,505,9515065321511944,6698353
1b279e1d-8b5a-485e-901d-5e0e127429n6,506,1146091696693811,6344725
1b279e1d-8b5a-485e-901d-5e0e127429n7,507,9825013449726411,6825516
1b279e1d-8b5a-485e-901d-5e0e127429n8,509,4592037741437454,7243799
1b279e1d-8b5a-485e-901d-5e0e127429n9,510,1164014996631747,4929627
1b279e1d-8b5a-485e-901d-5e0e127429o0,511,2653023887856718,2127238
1b279e1d-8b5a-485e-901d-5e0e127429o1,512,3812089443119714,8279447
1b279e1d-8b5a-485e-901d-5e0e127429o2,513,6995015526581596,8254618
1b279e1d-8b5a-485e-901d-5e0e127429o3,515,8469065416447161,2357423
1b279e1d-8b5a-485e-901d-5e0e127429o4,516,7325022681389938,8677923
1b279e1d-8b5a-485e-901d-5e0e127429o5,517,8264052466356643,5599791
1b279e1d-8b5a-485e-901d-5e0e127429o6,518,5169098262824526,4383299
1b279e1d-8b5a-485e-901d-5e0e127429o7,519,6877025785237355,1968772
1b279e1d-8b5a-485e-901d-5e0e127429o8,521,9743059937197113,3177583
1b279e1d-8b5a-485e-901d-5e0e127429o9,522,1883057881699458,3163997
1b279e1d-8b5a-485e-901d-5e0e127429p0,523,7658099972825116,2852249
1b279e1d-8b5a-485e-901d-5e0e127429p1,524,7697098457955987,9892258
1b279e1d-8b5a-485e-901d-5e0e127429p2,525,3289058955542564,6176357
1b279e1d-8b5a-485e-901d-5e0e127429p3,526,3926077466527778,3752287
1b279e1d-8b5a-485e-901d-5e0e127429p4,527,7332085791578784,4557591
1b279e1d-8b5a-485e-901d-5e0e127429p5,528,5414055276154548,9949593
1b279e1d-8b5a-485e-901d-5e0e127429p6,529,3118015829264276,6329318
1b279e1d-8b5a-485e-901d-5e0e127429p7,530,1356014413734596,6113337
1b279e1d-8b5a-485e-901d-5e0e127429p8,531,6543051597854758,6843534
1b279e1d-8b5a-485e-901d-5e0e127429p9,532,7816019642928531,9956327
1b279e1d-8b5a-485e-901d-5e0e127429q0,533,3414074581342934,1789331
1b279e1d-8b5a-485e-901d-5e0e127429q1,534,7741021234428614,4231543
1b279e1d-8b5a-485e-901d-5e0e127429q2,535,3745032572442943,3568199
1b279e1d-8b5a-485e-901d-5e0e127429q3,536,5658046272473221,4673729
1b279e1d-8b5a-485e-901d-5e0e127429q4,537,5846045684815968,2669341
1b279e1d-8b5a-485e-901d-5e0e127429q5,537,9965034172213759,6311796
1b279e1d-8b5a-485e-901d-5e0e127429q6,537,4322021558736294,8397791
1b279e1d-8b5a-485e-901d-5e0e127429q7,537,5795091153565679,1872456
1b279e1d-8b5a-485e-901d-5e0e127429q8,538,2738069496999698,6331936
1b279e1d-8b5a-485e-901d-5e0e127429q9,539,3987015244197483,5851574
1b279e1d-8b5a-485e-901d-5e0e127429r0,540,3774057735562669,2492757
1b279e1d-8b5a-485e-901d-5e0e127429r1,541,5588045418669627,4583714
1b279e1d-8b5a-485e-901d-5e0e127429r2,542,3378053531594289,5141692
1b279e1d-8b5a-485e-901d-5e0e127429r3,543,2743055523833791,1537771
1b279e1d-8b5a-485e-901d-5e0e127429r4,543,6838013393327771,3858348
1b279e1d-8b5a-485e-901d-5e0e127429r5,543,9369082645791518,1892724
1b279e1d-8b5a-485e-901d-5e0e127429r6,543,8676078425789398,7364915
1b279e1d-8b5a-485e-901d-5e0e127429r7,544,8778037479749963,9328446
1b279e1d-8b5a-485e-901d-5e0e127429r8,545,2954067845735344,3581914
1b279e1d-8b5a-485e-901d-5e0e127429r9,546,7815091154578846,7978711
1b279e1d-8b5a-485e-901d-5e0e127429s0,547,9263091795688634,4699647
1b279e1d-8b5a-485e-901d-5e0e127429s1,548,8357033196851487,9891727
1b279e1d-8b5a-485e-901d-5e0e127429s2,550,7169056822195824,2533828
1b279e1d-8b5a-485e-901d-5e0e127429s3,551,6867025984568554,1998683
1b279e1d-8b5a-485e-901d-5e0e127429s4,552,7265025972834438,7277593
1b279e1d-8b5a-485e-901d-5e0e127429s5,553,8813072646971415,5337423
1b279e1d-8b5a-485e-901d-5e0e127429s6,554,7391094716741346,4844688
1b279e1d-8b5a-485e-901d-5e0e127429s7,556,5549039867537419,5291368
1b279e1d-8b5a-485e-901d-5e0e127429s8,557,7866088337968797,8913954
1b279e1d-8b5a-485e-901d-5e0e127429s9,558,9553025971746633,3219666
1b279e1d-8b5a-485e-901d-5e0e127429t0,559,4113078232886381,9636558
1b279e1d-8b5a-485e-901d-5e0e127429t1,560,1548028722452766,7747423
1b279e1d-8b5a-485e-901d-5e0e127429t2,562,9649017729332281,9579923
1b279e1d-8b5a-485e-901d-5e0e127429t3,563,6857068618727254,1967679
1b279e1d-8b5a-485e-901d-5e0e127429t4,564,8863016754573396,4577328
1b279e1d-8b5a-485e-901d-5e0e127429t5,565,1218088341663657,7157438
1b279e1d-8b5a-485e-901d-5e0e127429t6,566,9664017725971545,4581426
1b279e1d-8b5a-485e-901d-5e0e127429t7,568,3167082242295163,5559737
1b279e1d-8b5a-485e-901d-5e0e127429t8,569,5428022678282284,4891267
1b279e1d-8b5a-485e-901d-5e0e127429t9,570,6872061288498682,5186427
1b279e1d-8b5a-485e-901d-5e0e127429u0,571,5639035697558318,5211969
1b279e1d-8b5a-485e-901d-5e0e127429u1,572,2152022442365222,1461728
1b279e1d-8b5a-485e-901d-5e0e127429u2,574,1644068354725883,3855894
1b279e1d-8b5a-485e-901d-5e0e127429u3,575,8281086429818956,3725821
1b279e1d-8b5a-485e-901d-5e0e127429u4,576,1447055145838692,6422337
1b279e1d-8b5a-485e-901d-5e0e127429u5,577,5971089936886768,6695399
1b279e1d-8b5a-485e-901d-5e0e127429u6,578,2146024695274739,5447514
1b279e1d-8b5a-485e-901d-5e0e127429u7,580,4538099865797688,5331129
1b279e1d-8b5a-485e-901d-5e0e127429u8,581,5514058976731436,8649621
1b279e1d-8b5a-485e-901d-5e0e127429u9,582,8123032436461869,4974944
1b279e1d-8b5a-485e-901d-5e0e127429v0,583,4584065478564372,1943831
1b279e1d-8b5a-485e-901d-5e0e127429v1,584,8545087961387561,7311474
1b279e1d-8b5a-485e-901d-5e0e127429v2,585,1411099545387614,1461689
1b279e1d-8b5a-485e-901d-5e0e127429v3,586,2972059961639569,1984129
1b279e1d-8b5a-485e-901d-5e0e127429v4,587,4859067938882398,5379754
1b279e1d-8b5a-485e-901d-5e0e127429v5,588,1974023172291837,3119783
1b279e1d-8b5a-485e-901d-5e0e127429v6,589,8833032196178185,5975719
1b279e1d-8b5a-485e-901d-5e0e127429v7,590,8356017949847959,8458323
1b279e1d-8b5a-485e-901d-5e0e127429v8,591,9476027764464124,7135946
1b279e1d-8b5a-485e-901d-5e0e127429v9,592,6644038895312319,7587839
1b279e1d-8b5a-485e-901d-5e0e127429w0,593,7757033677798218,1163143
1b279e1d-8b5a-485e-901d-5e0e127429w1,594,8951031388297568,3716266
1b279e1d-8b5a-485e-901d-5e0e127429w2,595,7441031871637136,3363984
1b279e1d-8b5a-485e-901d-5e0e127429w3,596,1158018758461651,7116189
1b279e1d-8b5a-485e-901d-5e0e127429w4,596,2187088396229737,6995822
1b279e1d-8b5a-485e-901d-5e0e127429w5,596,6997047921225715,2673922
1b279e1d-8b5a-485e-901d-5e0e127429w6,596,5816044818555151,1719573
1b279e1d-8b5a-485e-901d-5e0e127429w7,597,3976021778834446,4577375
1b279e1d-8b5a-485e-901d-5e0e127429w8,598,6485056433773683,8873124
1b279e1d-8b5a-485e-901d-5e0e127429w9,599,1763037323585116,2758271
1b279e1d-8b5a-485e-901d-5e0e127429x0,600,9742095658169791,2248266
1b279e1d-8b5a-485e-901d-5e0e127429x1,601,6862035866745275,6656992
1b279e1d-8b5a-485e-901d-5e0e127429x2,602,7737038891326573,9929672
1b279e1d-8b5a-485e-901d-5e0e127429x3,602,2963046441699471,1975292
1b279e1d-8b5a-485e-901d-5e0e127429x4,602,8819012478781584,1358392
1b279e1d-8b5a-485e-901d-5e0e127429x5,602,9731039628413155,2674284
1b279e1d-8b5a-485e-901d-5e0e127429x6,603,4813011947688554,8143553
1b279e1d-8b5a-485e-901d-5e0e127429x7,604,1558083395254425,8984299
1b279e1d-8b5a-485e-901d-5e0e127429x8,605,6167056194532859,1138895
1b279e1d-8b5a-485e-901d-5e0e127429x9,606,9729097664746925,1972853
1b279e1d-8b5a-485e-901d-5e0e127429y0,607,4817063772469358,4227841
1b279e1d-8b5a-485e-901d-5e0e127429y1,609,7132076464337131,5682421
1b279e1d-8b5a-485e-901d-5e0e127429y2,610,8923064285894726,4569217
1b279e1d-8b5a-485e-901d-5e0e127429y3,611,6325052364731971,8883992
1b279e1d-8b5a-485e-901d-5e0e127429y4,612,8567057372472148,8747668
1b279e1d-8b5a-485e-901d-5e0e127429y5,613,2394061337433624,3167128
1b279e1d-8b5a-485e-901d-5e0e127429y6,615,8477038491431311,9663126
1b279e1d-8b5a-485e-901d-5e0e127429y7,616,6313068336361243,6822247
1b279e1d-8b5a-485e-901d-5e0e127429y8,617,3614025238359541,2459111
1b279e1d-8b5a-485e-901d-5e0e127429y9,618,5359037342386383,4378645
1b279e1d-8b5a-485e-901d-5e0e127429z0,619,1874043992622158,4342676
1b279e1d-8b5a-485e-901d-5e0e127429z1,621,5367097295777946,3436916
1b279e1d-8b5a-485e-901d-5e0e127429z2,622,5465014172862255,9759352
1b279e1d-8b5a-485e-901d-5e0e127429z3,623,7543017963176673,6134798
1b279e1d-8b5a-485e-901d-5e0e127429z4,624,1786029863433257,6648436
1b279e1d-8b5a-485e-901d-5e0e127429z5,625,7677036613934112,1743811
1b279e1d-8b5a-485e-901d-5e0e127429z6,627,2511024123165265,9125949
1b279e1d-8b5a-485e-901d-5e0e127429z7,628,1126034135652473,5232177
1b279e1d-8b5a-485e-901d-5e0e127429z8,629,7133064679827295,5797732
1b279e1d-8b5a-485e-901d-5e0e127429z9,630,3433051173883414,1818243
2b279e1d-8b5a-485e-901d-5e0e127429a0,631,2664047161397573,3183693
2b279e1d-8b5a-485e-901d-5e0e127429a1,633,3531042147552787,8748663
2b279e1d-8b5a-485e-901d-5e0e127429a2,634,8299069299469918,1792956
2b279e1d-8b5a-485e-901d-5e0e127429a3,635,6583057746647643,6371574
2b279e1d-8b5a-485e-901d-5e0e127429a4,636,4782016789553212,8539852
2b279e1d-8b5a-485e-901d-5e0e127429a5,637,7799045426637824,2992641
2b279e1d-8b5a-485e-901d-5e0e127429a6,639,5725098939341394,9314338
2b279e1d-8b5a-485e-901d-5e0e127429a7,640,6813022447566764,7773718
2b279e1d-8b5a-485e-901d-5e0e127429a8,641,2566092515288761,5321336
2b279e1d-8b5a-485e-901d-5e0e127429a9,642,2674039795568679,3383292
2b279e1d-8b5a-485e-901d-5e0e127429b0,643,6536045729573677,9732436
2b279e1d-8b5a-485e-901d-5e0e127429b1,644,7261095231485359,4465441
2b279e1d-8b5a-485e-901d-5e0e127429b2,645,1396044815434115,6115122
2b279e1d-8b5a-485e-901d-5e0e127429b3,646,3884065962468581,2974338
2b279e1d-8b5a-485e-901d-5e0e127429b4,647,7324014598347331,7429487
2b279e1d-8b5a-485e-901d-5e0e127429b5,648,1691033957685424,1941894
2b279e1d-8b5a-485e-901d-5e0e127429b6,649,3818041842476587,6759188
2b279e1d-8b5a-485e-901d-5e0e127429b7,650,1157054863423638,7216624
2b279e1d-8b5a-485e-901d-5e0e127429b8,651,4851063721173137,7462423
2b279e1d-8b5a-485e-901d-5e0e127429b9,652,9845056817219563,5122476
2b279e1d-8b5a-485e-901d-5e0e127429c0,653,9192089824772373,2246187
2b279e1d-8b5a-485e-901d-5e0e127429c1,654,5669036127358674,5318511
2b279e1d-8b5a-485e-901d-5e0e127429c2,655,5583098357229587,7465831
2b279e1d-8b5a-485e-901d-5e0e127429c3,655,8322043534666613,3449674
2b279e1d-8b5a-485e-901d-5e0e127429c4,655,3457093133224924,4955113
2b279e1d-8b5a-485e-901d-5e0e127429c5,655,8356061245165459,8298568
2b279e1d-8b5a-485e-901d-5e0e127429c6,656,2161052444388339,8863292
2b279e1d-8b5a-485e-901d-5e0e127429c7,657,6811093963899619,5259929
2b279e1d-8b5a-485e-901d-5e0e127429c8,658,3373033443392119,9938871
2b279e1d-8b5a-485e-901d-5e0e127429c9,659,6416063345547841,1378446
2b279e1d-8b5a-485e-901d-5e0e127429d0,660,1481089586369363,1546425
2b279e1d-8b5a-485e-901d-5e0e127429d1,661,1763024514439727,2218733
2b279e1d-8b5a-485e-901d-5e0e127429d2,661,1347047431182179,7969748
2b279e1d-8b5a-485e-901d-5e0e127429d3,661,9393015587843143,4911157
2b279e1d-8b5a-485e-901d-5e0e127429d4,661,8353082961789629,5628118
2b279e1d-8b5a-485e-901d-5e0e127429d5,662,4458031893765278,4168487
2b279e1d-8b5a-485e-901d-5e0e127429d6,663,8593033282695113,4927826
2b279e1d-8b5a-485e-901d-5e0e127429d7,664,6552024716229248,6472977
2b279e1d-8b5a-485e-901d-5e0e127429d8,665,4955098351263216,1376458
2b279e1d-8b5a-485e-901d-5e0e127429d9,666,2282056491621446,9963628
2b279e1d-8b5a-485e-901d-5e0e127429e0,668,6132014235883458,5324532
2b279e1d-8b5a-485e-901d-5e0e127429e1,669,6384059272529356,7742698
2b279e1d-8b5a-485e-901d-5e0e127429e2,670,6589047831868931,4314238
2b279e1d-8b5a-485e-901d-5e0e127429e3,671,9931036226917851,2764344
2b279e1d-8b5a-485e-901d-5e0e127429e4,672,5493059671366512,8367517
2b279e1d-8b5a-485e-901d-5e0e127429e5,674,8644063591693711,6636882
2b279e1d-8b5a-485e-901d-5e0e127429e6,675,9571095349526359,2164334
2b279e1d-8b5a-485e-901d-5e0e127429e7,676,5293039611349787,8775819
2b279e1d-8b5a-485e-901d-5e0e127429e8,677,1448019813774742,7936884
2b279e1d-8b5a-485e-901d-5e0e127429e9,678,2639051198572913,8571144
2b279e1d-8b5a-485e-901d-5e0e127429f0,680,2865033179469794,4124533
2b279e1d-8b5a-485e-901d-5e0e127429f1,681,8471044199176898,2228337
2b279e1d-8b5a-485e-901d-5e0e127429f2,682,2837061532122187,6482598
2b279e1d-8b5a-485e-901d-5e0e127429f3,683,5733019836139188,7276942
2b279e1d-8b5a-485e-901d-5e0e127429f4,684,1682029843744534,1872112
2b279e1d-8b5a-485e-901d-5e0e127429f5,686,8928062464662723,1353155
2b279e1d-8b5a-485e-901d-5e0e127429f6,687,5151034553737559,6694287
2b279e1d-8b5a-485e-901d-5e0e127429f7,688,3836097248999118,3285959
2b279e1d-8b5a-485e-901d-5e0e127429f8,689,2171085311227525,9781718
2b279e1d-8b5a-485e-901d-5e0e127429f9,690,5184012773539243,9949365
2b279e1d-8b5a-485e-901d-5e0e127429g0,692,5899094451898889,4189115
2b279e1d-8b5a-485e-901d-5e0e127429g1,693,8393041539413868,4184557
2b279e1d-8b5a-485e-901d-5e0e127429g2,694,9953041833223232,4371911
2b279e1d-8b5a-485e-901d-5e0e127429g3,695,2875086448751398,4264779
2b279e1d-8b5a-485e-901d-5e0e127429g4,696,1189076252378376,8757838
2b279e1d-8b5a-485e-901d-5e0e127429g5,698,5325041584454112,9196895
2b279e1d-8b5a-485e-901d-5e0e127429g6,699,1836016321731533,6226298
2b279e1d-8b5a-485e-901d-5e0e127429g7,700,6817096523662969,1498792
2b279e1d-8b5a-485e-901d-5e0e127429g8,701,9156067864162523,7215178
2b279e1d-8b5a-485e-901d-5e0e127429g9,702,6716088345581691,1454983
2b279e1d-8b5a-485e-901d-5e0e127429h0,703,8761062668727856,3124845
2b279e1d-8b5a-485e-901d-5e0e127429h1,704,8418052913787123,1393678
2b279e1d-8b5a-485e-901d-5e0e127429h2,705,3742062861566144,9962783
2b279e1d-8b5a-485e-901d-5e0e127429h3,706,5892088821523662,6465916
2b279e1d-8b5a-485e-901d-5e0e127429h4,707,7959039531781851,3145175
2b279e1d-8b5a-485e-901d-5e0e127429h5,708,8128024974955368,9428459
2b279e1d-8b5a-485e-901d-5e0e127429h6,709,2648027335864134,6764163
2b279e1d-8b5a-485e-901d-5e0e127429h7,710,8934038366662347,5299657
2b279e1d-8b5a-485e-901d-5e0e127429h8,711,9681052785812571,1667991
2b279e1d-8b5a-485e-901d-5e0e127429h9,712,8266011981135481,8383614
2b279e1d-8b5a-485e-901d-5e0e127429i0,713,5347089746288865,2658765
2b279e1d-8b5a-485e-901d-5e0e127429i1,714,8929055683476261,1797513
2b279e1d-8b5a-485e-901d-5e0e127429i2,714,9877051837264534,8675969
2b279e1d-8b5a-485e-901d-5e0e127429i3,714,5455063828191755,9631556
2b279e1d-8b5a-485e-901d-5e0e127429i4,714,4688039587361626,5573551
2b279e1d-8b5a-485e-901d-5e0e127429i5,715,1389025644357676,9588883
2b279e1d-8b5a-485e-901d-5e0e127429i6,716,5655068258916215,1175826
2b279e1d-8b5a-485e-901d-5e0e127429i7,717,5142059895524599,6327654
2b279e1d-8b5a-485e-901d-5e0e127429i8,718,4177084725175228,3455468
2b279e1d-8b5a-485e-901d-5e0e127429i9,719,4474096173694313,9157858
2b279e1d-8b5a-485e-901d-5e0e127429j0,720,2321067632958558,9535117
2b279e1d-8b5a-485e-901d-5e0e127429j1,720,4617015495667615,3164872
2b279e1d-8b5a-485e-901d-5e0e127429j2,720,2118011162557892,7681432
2b279e1d-8b5a-485e-901d-5e0e127429j3,720,5612083824512757,6674542
2b279e1d-8b5a-485e-901d-5e0e127429j4,721,9252024544395531,3391541
2b279e1d-8b5a-485e-901d-5e0e127429j5,722,6838052394848127,3974922
2b279e1d-8b5a-485e-901d-5e0e127429j6,723,9923069497298312,3918328
2b279e1d-8b5a-485e-901d-5e0e127429j7,724,6476083415333667,9891528
2b279e1d-8b5a-485e-901d-5e0e127429j8,725,3387061336693326,4155387
2b279e1d-8b5a-485e-901d-5e0e127429j9,727,4436094772124411,2114689
2b279e1d-8b5a-485e-901d-5e0e127429k0,728,4364076713241358,1862717
2b279e1d-8b5a-485e-901d-5e0e127429k1,729,4556045698737751,2238418
2b279e1d-8b5a-485e-901d-5e0e127429k2,730,2114091357132543,3159153
2b279e1d-8b5a-485e-901d-5e0e127429k3,731,3789054358593691,7671773
2b279e1d-8b5a-485e-901d-5e0e127429k4,733,8149051857619216,2881762
2b279e1d-8b5a-485e-901d-5e0e127429k5,734,5137095534555582,3431699
2b279e1d-8b5a-485e-901d-5e0e127429k6,735,2289055583145482,8468736
2b279e1d-8b5a-485e-901d-5e0e127429k7,736,8573091771313776,4895313
2b279e1d-8b5a-485e-901d-5e0e127429k8,737,6256047329682774,9131273
2b279e1d-8b5a-485e-901d-5e0e127429k9,739,2833082336317867,2863156
2b279e1d-8b5a-485e-901d-5e0e127429l0,740,6277047761441238,2855786
2b279e1d-8b5a-485e-901d-5e0e127429l1,741,5334055523544166,8172235
2b279e1d-8b5a-485e-901d-5e0e127429l2,742,4184024157554715,1496126
2b279e1d-8b5a-485e-901d-5e0e127429l3,743,5762022795275895,6837168
2b279e1d-8b5a-485e-901d-5e0e127429l4,745,5997087296872644,2276258
2b279e1d-8b5a-485e-901d-5e0e127429l5,746,7618046244399923,2494329
2b279e1d-8b5a-485e-901d-5e0e127429l6,747,9512099398394794,2978187
2b279e1d-8b5a-485e-901d-5e0e127429l7,748,6833095997479743,6252464
2b279e1d-8b5a-485e-901d-5e0e127429l8,749,1858034556527763,8928558
2b279e1d-8b5a-485e-901d-5e0e127429l9,751,1512061848993812,2788982
2b279e1d-8b5a-485e-901d-5e0e127429m0,752,8151096697981612,3929188
2b279e1d-8b5a-485e-901d-5e0e127429m1,753,5414044395356738,8279399
2b279e1d-8b5a-485e-901d-5e0e127429m2,754,2195065669238833,3798455
2b279e1d-8b5a-485e-901d-5e0e127429m3,755,4842036821617912,8959416
2b279e1d-8b5a-485e-901d-5e0e127429m4,757,8815022833199479,7242126
2b279e1d-8b5a-485e-901d-5e0e127429m5,758,6489094518547161,4326317
2b279e1d-8b5a-485e-901d-5e0e127429m6,759,1964075365963721,3318865
2b279e1d-8b5a-485e-901d-5e0e127429m7,760,6353081944222334,7989283
2b279e1d-8b5a-485e-901d-5e0e127429m8,761,9924024476692953,5282291
2b279e1d-8b5a-485e-901d-5e0e127429m9,762,2768073387479317,6363751
2b279e1d-8b5a-485e-901d-5e0e127429n0,763,6427058826742565,1838366
2b279e1d-8b5a-485e-901d-5e0e127429n1,764,3284099527774228,2237531
2b279e1d-8b5a-485e-901d-5e0e127429n2,765,5748019594817428,3114242
2b279e1d-8b5a-485e-901d-5e0e127429n3,766,8842078316957112,4879582
2b279e1d-8b5a-485e-901d-5e0e127429n4,767,4226083224927226,2615982
2b279e1d-8b5a-485e-901d-5e0e127429n5,768,5857037544264487,3582346
2b279e1d-8b5a-485e-901d-5e0e127429n6,769,2136066923351784,5143334
2b279e1d-8b5a-485e-901d-5e0e127429n7,770,6268072717874145,3345149
2b279e1d-8b5a-485e-901d-5e0e127429n8,771,3836039988394341,3618654
2b279e1d-8b5a-485e-901d-5e0e127429n9,772,5932085521957348,7793259
2b279e1d-8b5a-485e-901d-5e0e127429o0,773,3736096338961836,4457525
2b279e1d-8b5a-485e-901d-5e0e127429o1,773,4349075445521456,6815696
2b279e1d-8b5a-485e-901d-5e0e127429o2,773,3357058336491125,4765528
2b279e1d-8b5a-485e-901d-5e0e127429o3,773,7772085985766163,4835656
2b279e1d-8b5a-485e-901d-5e0e127429o4,774,8917098335415725,8675971
2b279e1d-8b5a-485e-901d-5e0e127429o5,775,6298066164644164,3218118
2b279e1d-8b5a-485e-901d-5e0e127429o6,776,8413013692198572,5554347
2b279e1d-8b5a-485e-901d-5e0e127429o7,777,1555021524464273,4873837
2b279e1d-8b5a-485e-901d-5e0e127429o8,778,7182074439849438,5851844
2b279e1d-8b5a-485e-901d-5e0e127429o9,779,8275065456497579,6573261
2b279e1d-8b5a-485e-901d-5e0e127429p0,779,8565076861745316,7965245
2b279e1d-8b5a-485e-901d-5e0e127429p1,779,1758057673183619,7512657
2b279e1d-8b5a-485e-901d-5e0e127429p2,779,6851033754999629,5221974
2b279e1d-8b5a-485e-901d-5e0e127429p3,780,8276056531372454,8169382
2b279e1d-8b5a-485e-901d-5e0e127429p4,781,8735016173329338,6297932
2b279e1d-8b5a-485e-901d-5e0e127429p5,782,8162052386213961,4345722
2b279e1d-8b5a-485e-901d-5e0e127429p6,783,1698022284575682,8961677
2b279e1d-8b5a-485e-901d-5e0e127429p7,784,4869087275732897,6329537
2b279e1d-8b5a-485e-901d-5e0e127429p8,786,9921016345384482,1528727
2b279e1d-8b5a-485e-901d-5e0e127429p9,787,1436033843371569,6739886
2b279e1d-8b5a-485e-901d-5e0e127429q0,788,1343028245394775,3234174
2b279e1d-8b5a-485e-901d-5e0e127429q1,789,5866026968436194,1744722
2b279e1d-8b5a-485e-901d-5e0e127429q2,790,3584017563269888,2414949
2b279e1d-8b5a-485e-901d-5e0e127429q3,792,1866015871393198,6453558
2b279e1d-8b5a-485e-901d-5e0e127429q4,793,9837093869165178,7681424
2b279e1d-8b5a-485e-901d-5e0e127429q5,794,4995059776273226,2327469
2b279e1d-8b5a-485e-901d-5e0e127429q6,795,6797098794115228,2834347
2b279e1d-8b5a-485e-901d-5e0e127429q7,796,9378029817431669,8888897
2b279e1d-8b5a-485e-901d-5e0e127429q8,798,9499011867877687,9379131
2b279e1d-8b5a-485e-901d-5e0e127429q9,799,8677021319975887,8811386
2b279e1d-8b5a-485e-901d-5e0e127429r0,800,2616097564949258,4328986
2b279e1d-8b5a-485e-901d-5e0e127429r1,801,9589059855777956,1215914
2b279e1d-8b5a-485e-901d-5e0e127429r2,802,7135042632435187,8583269
2b279e1d-8b5a-485e-901d-5e0e127429r3,804,9857031689943831,7536771
2b279e1d-8b5a-485e-901d-5e0e127429r4,805,4128044682964138,4494556
2b279e1d-8b5a-485e-901d-5e0e127429r5,806,3693013421832361,9533882
2b279e1d-8b5a-485e-901d-5e0e127429r6,807,2868043646861871,7329121
2b279e1d-8b5a-485e-901d-5e0e127429r7,808,3599057525598831,7393232
2b279e1d-8b5a-485e-901d-5e0e127429r8,810,5187047229737228,3745126
2b279e1d-8b5a-485e-901d-5e0e127429r9,811,7525087865685153,7981822
2b279e1d-8b5a-485e-901d-5e0e127429s0,812,8365029544946844,6328878
2b279e1d-8b5a-485e-901d-5e0e127429s1,813,7318018374961327,2824682
2b279e1d-8b5a-485e-901d-5e0e127429s2,814,7921067275313538,4342613
2b279e1d-8b5a-485e-901d-5e0e127429s3,816,5421052413471132,5783131
2b279e1d-8b5a-485e-901d-5e0e127429s4,817,4448081291311472,4699117
2b279e1d-8b5a-485e-901d-5e0e127429s5,818,3388067115145322,5344698
2b279e1d-8b5a-485e-901d-5e0e127429s6,819,8618088976593368,9727556
2b279e1d-8b5a-485e-901d-5e0e127429s7,820,2653057456771976,2544552
2b279e1d-8b5a-485e-901d-5e0e127429s8,821,6154066428515898,8545415
2b279e1d-8b5a-485e-901d-5e0e127429s9,822,4998072625116454,4647726
2b279e1d-8b5a-485e-901d-5e0e127429t0,823,7178074172713192,2241938
2b279e1d-8b5a-485e-901d-5e0e127429t1,824,4292096764164232,8222821
2b279e1d-8b5a-485e-901d-5e0e127429t2,825,5798041242561987,4319774
2b279e1d-8b5a-485e-901d-5e0e127429t3,826,5587027626713238,2836699
2b279e1d-8b5a-485e-901d-5e0e127429t4,827,6738036613838513,2123541
2b279e1d-8b5a-485e-901d-5e0e127429t5,828,1912042979727461,2745334
2b279e1d-8b5a-485e-901d-5e0e127429t6,829,2812093195849986,1186644
2b279e1d-8b5a-485e-901d-5e0e127429t7,830,1753031343236891,2837563
2b279e1d-8b5a-485e-901d-5e0e127429t8,831,8552065828592288,3767628
2b279e1d-8b5a-485e-901d-5e0e127429t9,832,8625028679882119,7595722
2b279e1d-8b5a-485e-901d-5e0e127429u0,832,2979078121126973,7627741
2b279e1d-8b5a-485e-901d-5e0e127429u1,832,1976029362673866,5321329
2b279e1d-8b5a-485e-901d-5e0e127429u2,832,1631054262868425,1222764
2b279e1d-8b5a-485e-901d-5e0e127429u3,833,5567099425634622,3814889
2b279e1d-8b5a-485e-901d-5e0e127429u4,834,4695034182452161,2512933
2b279e1d-8b5a-485e-901d-5e0e127429u5,835,4614073568679196,9316764
2b279e1d-8b5a-485e-901d-5e0e127429u6,836,3856069373287439,4886378
2b279e1d-8b5a-485e-901d-5e0e127429u7,837,2342033688338769,1644219
2b279e1d-8b5a-485e-901d-5e0e127429u8,838,3478074526489166,5548719
2b279e1d-8b5a-485e-901d-5e0e127429u9,838,7622015741134475,5835177
2b279e1d-8b5a-485e-901d-5e0e127429v0,838,6131076142761551,4135994
2b279e1d-8b5a-485e-901d-5e0e127429v1,838,7587096766646849,9217364
2b279e1d-8b5a-485e-901d-5e0e127429v2,839,1846047315229893,5243426
2b279e1d-8b5a-485e-901d-5e0e127429v3,840,5341038165942192,6978945
2b279e1d-8b5a-485e-901d-5e0e127429v4,841,6141081115235888,5448457
2b279e1d-8b5a-485e-901d-5e0e127429v5,842,9413077571521872,4685268
2b279e1d-8b5a-485e-901d-5e0e127429v6,843,4429054495691296,5691667
2b279e1d-8b5a-485e-901d-5e0e127429v7,845,4367077664631116,3854619
2b279e1d-8b5a-485e-901d-5e0e127429v8,846,2824035951768725,2158795
2b279e1d-8b5a-485e-901d-5e0e127429v9,847,5932026598877455,7723833
2b279e1d-8b5a-485e-901d-5e0e127429w0,848,5743028122294318,7798445
2b279e1d-8b5a-485e-901d-5e0e127429w1,849,7464061934379768,6622982
2b279e1d-8b5a-485e-901d-5e0e127429w2,851,8821073834173668,2546679
2b279e1d-8b5a-485e-901d-5e0e127429w3,852,1275083575697647,4589179
2b279e1d-8b5a-485e-901d-5e0e127429w4,853,2914058266633792,3375875
2b279e1d-8b5a-485e-901d-5e0e127429w5,854,1915073664993832,5487843
2b279e1d-8b5a-485e-901d-5e0e127429w6,855,2424083674211931,2679169
2b279e1d-8b5a-485e-901d-5e0e127429w7,857,8598033329841713,9572312
2b279e1d-8b5a-485e-901d-5e0e127429w8,858,6324039489385654,7351825
2b279e1d-8b5a-485e-901d-5e0e127429w9,859,1678053784146254,8156714
2b279e1d-8b5a-485e-901d-5e0e127429x0,860,8352089956822658,3914799
2b279e1d-8b5a-485e-901d-5e0e127429x1,861,1756029155262547,5597596
2b279e1d-8b5a-485e-901d-5e0e127429x2,863,1135023525539738,5948935
2b279e1d-8b5a-485e-901d-5e0e127429x3,864,9919028222627265,1826817
2b279e1d-8b5a-485e-901d-5e0e127429x4,865,2444031721797328,3487165
2b279e1d-8b5a-485e-901d-5e0e127429x5,866,8127032476846532,8636517
2b279e1d-8b5a-485e-901d-5e0e127429x6,867,1186014116771886,6192534
2b279e1d-8b5a-485e-901d-5e0e127429x7,869,8859063625694468,1697538
2b279e1d-8b5a-485e-901d-5e0e127429x8,870,8635029194941194,7485458
2b279e1d-8b5a-485e-901d-5e0e127429x9,871,3418018862462348,6836775
2b279e1d-8b5a-485e-901d-5e0e127429y0,872,4455031262974443,1989967
2b279e1d-8b5a-485e-901d-5e0e127429y1,873,9699081736268184,9229693
2b279e1d-8b5a-485e-901d-5e0e127429y2,875,5749038786446568,5826316
2b279e1d-8b5a-485e-901d-5e0e127429y3,876,1356042725675325,6285183
2b279e1d-8b5a-485e-901d-5e0e127429y4,877,8629091825469763,1466369
2b279e1d-8b5a-485e-901d-5e0e127429y5,878,9323041892798191,4596389
2b279e1d-8b5a-485e-901d-5e0e127429y6,879,8118085727198657,9867977
2b279e1d-8b5a-485e-901d-5e0e127429y7,880,8332062162855256,4294236
2b279e1d-8b5a-485e-901d-5e0e127429y8,881,5499051673835298,5231433
2b279e1d-8b5a-485e-901d-5e0e127429y9,882,5849074913951574,4228312
2b279e1d-8b5a-485e-901d-5e0e127429z0,883,3879044338248824,6912657
2b279e1d-8b5a-485e-901d-5e0e127429z1,884,8141032929999877,3857875
2b279e1d-8b5a-485e-901d-5e0e127429z2,885,6483014628617576,6375922
2b279e1d-8b5a-485e-901d-5e0e127429z3,886,8636054793965868,7861449
2b279e1d-8b5a-485e-901d-5e0e127429z4,887,7189087859496647,2584189
2b279e1d-8b5a-485e-901d-5e0e127429z5,888,7462024232187867,4334115
2b279e1d-8b5a-485e-901d-5e0e127429z6,889,8777085931197627,8185122
2b279e1d-8b5a-485e-901d-5e0e127429z7,890,5623091768541633,7451313
2b279e1d-8b5a-485e-901d-5e0e127429z8,891,7174089651856649,7589427
2b279e1d-8b5a-485e-901d-5e0e127429z9,891,5865032124627818,9925136
3b279e1d-8b5a-485e-901d-5e0e127429a0,891,4691034822561938,6413869
3b279e1d-8b5a-485e-901d-5e0e127429a1,891,4761013222932838,6523695
3b279e1d-8b5a-485e-901d-5e0e127429a2,892,9476016623175855,7129139
3b279e1d-8b5a-485e-901d-5e0e127429a3,893,3564027464911997,2545698
3b279e1d-8b5a-485e-901d-5e0e127429a4,894,2881066522925779,9786451
3b279e1d-8b5a-485e-901d-5e0e127429a5,895,7378052531682737,2895547
3b279e1d-8b5a-485e-901d-5e0e127429a6,896,2664047575396664,2913863
3b279e1d-8b5a-485e-901d-5e0e127429a7,897,3645082647995463,2991867
3b279e1d-8b5a-485e-901d-5e0e127429a8,897,4712014157594844,7783927
3b279e1d-8b5a-485e-901d-5e0e127429a9,897,2495013824642516,4756524
3b279e1d-8b5a-485e-901d-5e0e127429b0,897,6563015271335894,7127957
3b279e1d-8b5a-485e-901d-5e0e127429b1,898,3363025279736713,9327731
3b279e1d-8b5a-485e-901d-5e0e127429b2,899,3254039866123787,1224513
3b279e1d-8b5a-485e-901d-5e0e127429b3,900,5513093217636651,8253598
3b279e1d-8b5a-485e-901d-5e0e127429b4,901,6522019751118342,6413368
3b279e1d-8b5a-485e-901d-5e0e127429b5,902,7825063325411224,8396488
3b279e1d-8b5a-485e-901d-5e0e127429b6,904,4954029495976945,1659914
3b279e1d-8b5a-485e-901d-5e0e127429b7,905,2293087482858377,1744887
3b279e1d-8b5a-485e-901d-5e0e127429b8,906,9731056866152845,2463482
3b279e1d-8b5a-485e-901d-5e0e127429b9,907,2387051834947419,6553299
3b279e1d-8b5a-485e-901d-5e0e127429c0,908,1445057676344732,4148715
3b279e1d-8b5a-485e-901d-5e0e127429c1,910,7488038718954872,1199731
3b279e1d-8b5a-485e-901d-5e0e127429c2,911,5926028557398873,1872444
3b279e1d-8b5a-485e-901d-5e0e127429c3,912,3965063665341348,2269772
3b279e1d-8b5a-485e-901d-5e0e127429c4,913,8168079276676465,1678829
3b279e1d-8b5a-485e-901d-5e0e127429c5,914,1886072477344323,6555943
3b279e1d-8b5a-485e-901d-5e0e127429c6,916,8314059928925768,6362336
3b279e1d-8b5a-485e-901d-5e0e127429c7,917,2962093134482698,9218699
3b279e1d-8b5a-485e-901d-5e0e127429c8,918,8684096582715684,6884825
3b279e1d-8b5a-485e-901d-5e0e127429c9,919,8656094362719312,8374229
3b279e1d-8b5a-485e-901d-5e0e127429d0,920,4218056412192776,4969569
3b279e1d-8b5a-485e-901d-5e0e127429d1,922,3881077327733912,7419811
3b279e1d-8b5a-485e-901d-5e0e127429d2,923,1931093882819296,1198728
3b279e1d-8b5a-485e-901d-5e0e127429d3,924,4187041133228257,3737943
3b279e1d-8b5a-485e-901d-5e0e127429d4,925,1565091318183263,5761145
3b279e1d-8b5a-485e-901d-5e0e127429d5,926,2187085931552383,5151136
3b279e1d-8b5a-485e-901d-5e0e127429d6,928,9237054831859383,7812391
3b279e1d-8b5a-485e-901d-5e0e127429d7,929,8672033155845811,3929561
3b279e1d-8b5a-485e-901d-5e0e127429d8,930,2756046593659572,5291346
3b279e1d-8b5a-485e-901d-5e0e127429d9,931,6555076142737172,8362572
3b279e1d-8b5a-485e-901d-5e0e127429e0,932,4762028573146524,8899828
3b279e1d-8b5a-485e-901d-5e0e127429e1,934,4827079536875912,4784655
3b279e1d-8b5a-485e-901d-5e0e127429e2,935,9135078361916674,5643725
3b279e1d-8b5a-485e-901d-5e0e127429e3,936,3261054966534284,8268936
3b279e1d-8b5a-485e-901d-5e0e127429e4,937,8832031956993297,4597588
3b279e1d-8b5a-485e-901d-5e0e127429e5,938,5176071964298344,1768684
3b279e1d-8b5a-485e-901d-5e0e127429e6,939,8489068475152851,1796843
3b279e1d-8b5a-485e-901d-5e0e127429e7,940,9342073822839414,2719583
3b279e1d-8b5a-485e-901d-5e0e127429e8,941,1583024347448189,2425143
3b279e1d-8b5a-485e-901d-5e0e127429e9,942,4567035484766996,4133193
3b279e1d-8b5a-485e-901d-5e0e127429f0,943,7436062718477563,8321533
3b279e1d-8b5a-485e-901d-5e0e127429f1,944,1328083136692336,7925469
3b279e1d-8b5a-485e-901d-5e0e127429f2,945,6186082913733878,9211618
3b279e1d-8b5a-485e-901d-5e0e127429f3,946,7136011728446245,9688853
3b279e1d-8b5a-485e-901d-5e0e127429f4,947,2847027839585484,6612986
3b279e1d-8b5a-485e-901d-5e0e127429f5,948,6659078962721498,3581766
3b279e1d-8b5a-485e-901d-5e0e127429f6,949,7377028484388342,9567446
3b279e1d-8b5a-485e-901d-5e0e127429f7,950,3341023241923379,7987794
3b279e1d-8b5a-485e-901d-5e0e127429f8,950,8265048751589297,7754719
3b279e1d-8b5a-485e-901d-5e0e127429f9,950,8893083221512961,5493988
3b279e1d-8b5a-485e-901d-5e0e127429g0,950,8188057665658278,9738946
3b279e1d-8b5a-485e-901d-5e0e127429g1,951,6938088313341633,3145229
3b279e1d-8b5a-485e-901d-5e0e127429g2,952,5224075178885489,8325557
3b279e1d-8b5a-485e-901d-5e0e127429g3,953,6864011533974383,8664992
3b279e1d-8b5a-485e-901d-5e0e127429g4,954,3555015381734918,2955488
3b279e1d-8b5a-485e-901d-5e0e127429g5,955,2489016862414737,8994425
3b279e1d-8b5a-485e-901d-5e0e127429g6,956,4753017546474189,9766517
3b279e1d-8b5a-485e-901d-5e0e127429g7,956,7233077455483935,5261213
3b279e1d-8b5a-485e-901d-5e0e127429g8,956,8316076456261474,7832341
3b279e1d-8b5a-485e-901d-5e0e127429g9,956,1886084735112664,5489287
3b279e1d-8b5a-485e-901d-5e0e127429h0,957,5486081255599544,1677458
3b279e1d-8b5a-485e-901d-5e0e127429h1,958,3244079217814311,1387724
3b279e1d-8b5a-485e-901d-5e0e127429h2,959,4398038942387322,4544472
3b279e1d-8b5a-485e-901d-5e0e127429h3,960,5335012342117184,1484753
3b279e1d-8b5a-485e-901d-5e0e127429h4,961,2127078712373778,5269591
3b279e1d-8b5a-485e-901d-5e0e127429h5,963,8221031857351178,2896864
3b279e1d-8b5a-485e-901d-5e0e127429h6,964,8186076397392633,7276216
3b279e1d-8b5a-485e-901d-5e0e127429h7,965,4899059157677913,6891654
3b279e1d-8b5a-485e-901d-5e0e127429h8,966,8652079669531964,4454439
3b279e1d-8b5a-485e-901d-5e0e127429h9,967,7889072147343285,3548244
3b279e1d-8b5a-485e-901d-5e0e127429i0,969,6446054866199414,9695414
3b279e1d-8b5a-485e-901d-5e0e127429i1,970,8823051284783929,5588673
3b279e1d-8b5a-485e-901d-5e0e127429i2,971,3271072754186481,7477438
3b279e1d-8b5a-485e-901d-5e0e127429i3,972,1257069487447547,6617962
3b279e1d-8b5a-485e-901d-5e0e127429i4,973,2484022447128739,2588181
3b279e1d-8b5a-485e-901d-5e0e127429i5,975,1317092382697466,7549912
3b279e1d-8b5a-485e-901d-5e0e127429i6,976,3277018849619469,4779921
3b279e1d-8b5a-485e-901d-5e0e127429i7,977,8463046164762829,5738892
3b279e1d-8b5a-485e-901d-5e0e127429i8,978,2169017653964263,7357818
3b279e1d-8b5a-485e-901d-5e0e127429i9,979,6797037234172324,2544357
3b279e1d-8b5a-485e-901d-5e0e127429j0,981,9137045776388946,8877772
3b279e1d-8b5a-485e-901d-5e0e127429j1,982,7985036748525729,7697485
3b279e1d-8b5a-485e-901d-5e0e127429j2,983,8313064662129428,5748877
3b279e1d-8b5a-485e-901d-5e0e127429j3,984,9781086316516878,2816262
3b279e1d-8b5a-485e-901d-5e0e127429j4,985,6181079347499454,4855463
3b279e1d-8b5a-485e-901d-5e0e127429j5,987,5851085494273814,6439273
3b279e1d-8b5a-485e-901d-5e0e127429j6,988,4649089475599688,6429885
3b279e1d-8b5a-485e-901d-5e0e127429j7,989,6911077231234426,4442363
3b279e1d-8b5a-485e-901d-5e0e127429j8,990,2722038528562919,9579723
3b279e1d-8b5a-485e-901d-5e0e127429j9,991,3424032314427677,1354187
3b279e1d-8b5a-485e-901d-5e0e127429k0,993,1246015184615418,5315418
3b279e1d-8b5a-485e-901d-5e0e127429k1,994,4928066389848636,5944734
3b279e1d-8b5a-485e-901d-5e0e127429k2,995,7416069352249291,8624113
3b279e1d-8b5a-485e-901d-5e0e127429k3,996,4156012552143761,3221736
3b279e1d-8b5a-485e-901d-5e0e127429k4,997,7156025829453695,9323284
3b279e1d-8b5a-485e-901d-5e0e127429k5,998,6842065361882815,5358414
3b279e1d-8b5a-485e-901d-5e0e127429k6,999,6844094677892982,8464925
3b279e1d-8b5a-485e-901d-5e0e127429k7,1000,1963057742254624,2499125
3b279e1d-8b5a-485e-901d-5e0e127429k8,1001,3281091797149547,7773887
3b279e1d-8b5a-485e-901d-5e0e127429k9,1002,6299013631733522,3263843
3b279e1d-8b5a-485e-901d-5e0e127429l0,1003,6176022142966862,9519622
3b279e1d-8b5a-485e-901d-5e0e127429l1,1004,8229043141619524,1743594
3b279e1d-8b5a-485e-901d-5e0e127429l2,1005,4318057278169382,5639292
3b279e1d-8b5a-485e-901d-5e0e127429l3,1006,7299054584472234,3933277
3b279e1d-8b5a-485e-901d-5e0e127429l4,1007,4423044253274291,9916665
3b279e1d-8b5a-485e-901d-5e0e127429l5,1008,1378097138476381,8469451
3b279e1d-8b5a-485e-901d-5e0e127429l6,1009,1559061887754351,8875781
3b279e1d-8b5a-485e-901d-5e0e127429l7,1009,2327027378943239,5115733
3b279e1d-8b5a-485e-901d-5e0e127429l8,1009,1488056947822687,7881544
3b279e1d-8b5a-485e-901d-5e0e127429l9,1009,7928051863655657,1657274
3b279e1d-8b5a-485e-901d-5e0e127429m0,1010,2913024669514941,2581624
3b279e1d-8b5a-485e-901d-5e0e127429m1,1011,2883052253586962,1814546
3b279e1d-8b5a-485e-901d-5e0e127429m2,1012,8792039928279435,3251549
3b279e1d-8b5a-485e-901d-5e0e127429m3,1013,4282061741843871,7215717
3b279e1d-8b5a-485e-901d-5e0e127429m4,1014,2542085693738944,9453562
3b279e1d-8b5a-485e-901d-5e0e127429m5,1015,5831053396585923,5661848
3b279e1d-8b5a-485e-901d-5e0e127429m6,1015,6286029677358926,1716797
3b279e1d-8b5a-485e-901d-5e0e127429m7,1015,9385011656983167,6922583
3b279e1d-8b5a-485e-901d-5e0e127429m8,1015,8272048563949588,3776939
3b279e1d-8b5a-485e-901d-5e0e127429m9,1016,5668013486446165,3948861
3b279e1d-8b5a-485e-901d-5e0e127429n0,1017,8275012868638117,7645955
3b279e1d-8b5a-485e-901d-5e0e127429n1,1018,1257073799276484,6591831
3b279e1d-8b5a-485e-901d-5e0e127429n2,1019,4892085399157619,7879341
3b279e1d-8b5a-485e-901d-5e0e127429n3,1020,7517061351426448,1246216
3b279e1d-8b5a-485e-901d-5e0e127429n4,1022,5671022544372475,5676365
3b279e1d-8b5a-485e-901d-5e0e127429n5,1023,9699089846958399,9231164
3b279e1d-8b5a-485e-901d-5e0e127429n6,1024,6945024174953818,9346594
3b279e1d-8b5a-485e-901d-5e0e127429n7,1025,1348038632267434,8594628
3b279e1d-8b5a-485e-901d-5e0e127429n8,1026,1676054477347894,5214627
3b279e1d-8b5a-485e-901d-5e0e127429n9,1028,3823065184667246,9891818
3b279e1d-8b5a-485e-901d-5e0e127429o0,1029,3575068941216311,2266599
3b279e1d-8b5a-485e-901d-5e0e127429o1,1030,1163051697161467,3974719
3b279e1d-8b5a-485e-901d-5e0e127429o2,1031,7292017324538841,5683395
3b279e1d-8b5a-485e-901d-5e0e127429o3,1032,1828022342428367,8917853
3b279e1d-8b5a-485e-901d-5e0e127429o4,1034,6116081429233464,1341267
3b279e1d-8b5a-485e-901d-5e0e127429o5,1035,7547073273899227,1485791
3b279e1d-8b5a-485e-901d-5e0e127429o6,1036,4645048683478962,1361367
3b279e1d-8b5a-485e-901d-5e0e127429o7,1037,6512042316887233,6312525
3b279e1d-8b5a-485e-901d-5e0e127429o8,1038,2464029969243331,3869737
3b279e1d-8b5a-485e-901d-5e0e127429o9,1040,6214088116539367,8832797
3b279e1d-8b5a-485e-901d-5e0e127429p0,1041,8351065375776512,2311558
3b279e1d-8b5a-485e-901d-5e0e127429p1,1042,4324024248212534,1948382
3b279e1d-8b5a-485e-901d-5e0e127429p2,1043,2555075917329998,4455867
3b279e1d-8b5a-485e-901d-5e0e127429p3,1044,2238097652258436,6725863
3b279e1d-8b5a-485e-901d-5e0e127429p4,1046,5268047848691785,4829542
3b279e1d-8b5a-485e-901d-5e0e127429p5,1047,6497023748644332,2945898
3b279e1d-8b5a-485e-901d-5e0e127429p6,1048,7148055284832619,2132728
3b279e1d-8b5a-485e-901d-5e0e127429p7,1049,3451032446363787,8837437
3b279e1d-8b5a-485e-901d-5e0e127429p8,1050,4254012357477634,9618675
3b279e1d-8b5a-485e-901d-5e0e127429p9,1052,3392091428511232,8831117
3b279e1d-8b5a-485e-901d-5e0e127429q0,1053,9552018247344513,3999852
3b279e1d-8b5a-485e-901d-5e0e127429q1,1054,2592072337478346,1343895
3b279e1d-8b5a-485e-901d-5e0e127429q2,1055,4257052611781754,3928419
3b279e1d-8b5a-485e-901d-5e0e127429q3,1056,3697091157227911,5213397
3b279e1d-8b5a-485e-901d-5e0e127429q4,1057,5962087274977155,7743769
3b279e1d-8b5a-485e-901d-5e0e127429q5,1058,5249097969779355,5795637
3b279e1d-8b5a-485e-901d-5e0e127429q6,1059,3534098147162665,2632458
3b279e1d-8b5a-485e-901d-5e0e127429q7,1060,8513028843996421,5148574
3b279e1d-8b5a-485e-901d-5e0e127429q8,1061,4139079583123451,5215747
3b279e1d-8b5a-485e-901d-5e0e127429q9,1062,5377041961211174,2831324
3b279e1d-8b5a-485e-901d-5e0e127429r0,1063,4425031917112643,1749176
3b279e1d-8b5a-485e-901d-5e0e127429r1,1064,9759041356524987,9649422
3b279e1d-8b5a-485e-901d-5e0e127429r2,1065,6197058918395753,1578898
3b279e1d-8b5a-485e-901d-5e0e127429r3,1066,4497063569133328,3944598
3b279e1d-8b5a-485e-901d-5e0e127429r4,1067,4195046833265522,1567677
3b279e1d-8b5a-485e-901d-5e0e127429r5,1068,2372096681249249,9643972
3b279e1d-8b5a-485e-901d-5e0e127429r6,1068,6718067443646783,2971618
3b279e1d-8b5a-485e-901d-5e0e127429r7,1068,8536035389258217,8394854
3b279e1d-8b5a-485e-901d-5e0e127429r8,1068,7298046393231449,1956899
3b279e1d-8b5a-485e-901d-5e0e127429r9,1069,6462072453473243,5952169
3b279e1d-8b5a-485e-901d-5e0e127429s0,1070,5628069121342239,4694868
3b279e1d-8b5a-485e-901d-5e0e127429s1,1071,9241048166273144,1164149
3b279e1d-8b5a-485e-901d-5e0e127429s2,1072,8153065515714217,4467421
3b279e1d-8b5a-485e-901d-5e0e127429s3,1073,9971077829243485,1478228
3b279e1d-8b5a-485e-901d-5e0e127429s4,1074,6183037397631712,7987218
3b279e1d-8b5a-485e-901d-5e0e127429s5,1074,1755027729193576,4593396
3b279e1d-8b5a-485e-901d-5e0e127429s6,1074,3992089525322219,8229895
3b279e1d-8b5a-485e-901d-5e0e127429s7,1074,1654059582939971,4443124
3b279e1d-8b5a-485e-901d-5e0e127429s8,1075,3771049532599124,8242592
3b279e1d-8b5a-485e-901d-5e0e127429s9,1076,1615037498316488,4934363
3b279e1d-8b5a-485e-901d-5e0e127429t0,1077,2543088293736786,2146152
3b279e1d-8b5a-485e-901d-5e0e127429t1,1078,5865024656238966,9142866
3b279e1d-8b5a-485e-901d-5e0e127429t2,1079,3586073147933931,3717888
3b279e1d-8b5a-485e-901d-5e0e127429t3,1081,4381027426191345,6754415
3b279e1d-8b5a-485e-901d-5e0e127429t4,1082,2812066357472462,9435923
3b279e1d-8b5a-485e-901d-5e0e127429t5,1083,1599093295447447,8245138
3b279e1d-8b5a-485e-901d-5e0e127429t6,1084,8182085684326478,3656237
3b279e1d-8b5a-485e-901d-5e0e127429t7,1085,7512028991644717,4878384
3b279e1d-8b5a-485e-901d-5e0e127429t8,1087,3915051115451552,3151237
3b279e1d-8b5a-485e-901d-5e0e127429t9,1088,4957024828873248,3367511
3b279e1d-8b5a-485e-901d-5e0e127429u0,1089,4818023679983175,5599211
3b279e1d-8b5a-485e-901d-5e0e127429u1,1090,6144021338635984,8454966
3b279e1d-8b5a-485e-901d-5e0e127429u2,1091,1965088122529684,4994529
3b279e1d-8b5a-485e-901d-5e0e127429u3,1093,6681089215924115,4731222
3b279e1d-8b5a-485e-901d-5e0e127429u4,1094,9673068758258972,3324397
3b279e1d-8b5a-485e-901d-5e0e127429u5,1095,3516064536424122,4996752
3b279e1d-8b5a-485e-901d-5e0e127429u6,1096,7841069376676697,4738218
3b279e1d-8b5a-485e-901d-5e0e127429u7,1097,6435065296768186,8584879
3b279e1d-8b5a-485e-901d-5e0e127429u8,1099,6292074975283347,6243549
3b279e1d-8b5a-485e-901d-5e0e127429u9,1100,1524035626858694,4346651
3b279e1d-8b5a-485e-901d-5e0e127429v0,1101,6556052376142428,1785635
3b279e1d-8b5a-485e-901d-5e0e127429v1,1102,1468012368597882,7439436
3b279e1d-8b5a-485e-901d-5e0e127429v2,1103,2456096564358359,4479245
3b279e1d-8b5a-485e-901d-5e0e127429v3,1105,5878013791842455,4367451
3b279e1d-8b5a-485e-901d-5e0e127429v4,1106,9835036394444859,6551674
3b279e1d-8b5a-485e-901d-5e0e127429v5,1107,4513045369656531,8141579
3b279e1d-8b5a-485e-901d-5e0e127429v6,1108,1423055757398158,3582929
3b279e1d-8b5a-485e-901d-5e0e127429v7,1109,8143019433334486,5495295
3b279e1d-8b5a-485e-901d-5e0e127429v8,1111,9741088743736794,1839829
3b279e1d-8b5a-485e-901d-5e0e127429v9,1112,8597089439196853,8298729