marketplaceId,sellerId,amount,card_holder_name,card_exp_month,card_exp_year,card_cvv,card_number
0162893710a6495e86542eeff192baa1,00c40d95b8a14a11b9ecb6d5eda62687,358183,Loralee Kearney,9,2021,671,4539003370725497
0162893710a6495e86542eeff192baa1,01548caaa2114a7d99de6c2efd186233,200511,Debora Tosi,11,2019,977,4761340000000035
0162893710a6495e86542eeff192baa1,0184f9c9501c481eafcf414a2d7eec46,408008,Noella Piscopo,2,2019,972,4716588836362104
0162893710a6495e86542eeff192baa1,01e2dc4c877647ad9a0f7fbc48995b72,448507,Abraham Hershey,2,2022,929,4532650104137832
0162893710a6495e86542eeff192baa1,01fcbd367ce34893b39a0d623aa7c6a4,28507,Allena Camacho,4,2019,730,5356066320271893
0162893710a6495e86542eeff192baa1,05e0912893cf46d9908cbe41168100ff,257018,Babara Buchner,1,2025,764,5201561050024014
0162893710a6495e86542eeff192baa1,06b452e7e8e240f389054592525ceae6,209569,India Brissette,6,2023,630,4556153246992603
0162893710a6495e86542eeff192baa1,09568d437a894509912b93ce2164d19f,266791,Stephani Schock,1,2019,760,5577270004286630
0162893710a6495e86542eeff192baa1,0e0465c178a745349452dc353859c600,205249,Danelle Scarbrough,10,2023,911,5138692036125449
0162893710a6495e86542eeff192baa1,1151a065f03046cc9f8240d083bb8a30,215870,Eduardo Bowlby,9,2020,375,4539003370725497
0162893710a6495e86542eeff192baa1,1275864bca02401d93f71f4f44cba267,453603,Olga Trotta,4,2023,843,4761340000000035
0162893710a6495e86542eeff192baa1,14d1d7b9fdd7437192c858fa32fa7cf7,140403,Bernadette Lasalle,2,2025,288,4716588836362104
0162893710a6495e86542eeff192baa1,14f4c9e668494c99a11fe2cb6cf93a25,311209,Freeman Ashby,12,2024,614,4532650104137832
0162893710a6495e86542eeff192baa1,19b9f19553c346a4addaa71ee9b354de,144833,Ricarda Hubbard,7,2024,306,5356066320271893
0162893710a6495e86542eeff192baa1,1eb79c92d782427397ace0e18e9d7283,270541,Yer Ahart,8,2022,487,5201561050024014
0162893710a6495e86542eeff192baa1,2630ce2eaaf74f59bc360c8e34a0aa27,418203,Galina Dulmage,8,2020,518,4556153246992603
0162893710a6495e86542eeff192baa1,2705778019274be6ac4b5f9cb18fc19f,289394,Lena Warlick,3,2023,132,5577270004286630
0162893710a6495e86542eeff192baa1,2a350894ddef41939d3fcc335cf9775e,182359,Hilario Gurr,3,2024,803,5138692036125449
0162893710a6495e86542eeff192baa1,34dfacb52f3d46fdb274e8fe62abe663,33614,Marilee Meadors,6,2019,823,4539003370725497
0162893710a6495e86542eeff192baa1,392b6daf4f9f44aabe75fe36d00aaff6,100993,Maude Santa,6,2024,704,4761340000000035
0162893710a6495e86542eeff192baa1,3b10435f374644d6a617533b2f77ebde,394126,Denna Cassin,1,2022,954,4716588836362104
0162893710a6495e86542eeff192baa1,3cda1190f75b4d49abfc0a1998071925,187647,Dorcas Lobaugh,12,2021,756,4532650104137832
0569cf0b4bc84479bb1835d1c4a62858,0141201b3d9a460f917843e27a312886,235858,Katia Aguiar,7,2021,819,5356066320271893
0569cf0b4bc84479bb1835d1c4a62858,0233bd4e3bbf4f8dbd09db55e68bda57,116349,Shenita Jara,11,2024,828,5201561050024014
0569cf0b4bc84479bb1835d1c4a62858,046dd00ef4bc4bbca92155905a4932f4,354174,Waldo Socia,11,2022,682,4556153246992603
0569cf0b4bc84479bb1835d1c4a62858,09c12daf7846428dae7a4b316d7eb805,431819,Lorinda Schwartzkopf,8,2021,829,5577270004286630
0569cf0b4bc84479bb1835d1c4a62858,0d25053fe46643a2bad4a230129c2b55,106574,Sam Marcellus,8,2022,200,5138692036125449
0569cf0b4bc84479bb1835d1c4a62858,0d289d8ea3494add93d49ba74501f3e7,207412,Audrey Beckman,3,2020,212,4539003370725497
0569cf0b4bc84479bb1835d1c4a62858,14f8258bf7e44ccb8d58b06e26d48941,217341,Kacie Millan,1,2021,360,4761340000000035
0569cf0b4bc84479bb1835d1c4a62858,1ac5ee595a9f42cabd7b0e3957003920,454469,Delila Slayden,7,2020,164,4716588836362104
0569cf0b4bc84479bb1835d1c4a62858,1e0990f7289244378495c36780273a7c,140321,Carmelina Fail,10,2025,543,4532650104137832
0569cf0b4bc84479bb1835d1c4a62858,1f7b547239694e8d84a100293cb42693,308198,Ena Lees,2,2021,322,5356066320271893
0569cf0b4bc84479bb1835d1c4a62858,22a1b89b05cb487c92420e4e8bdf6463,130026,Annemarie Douse,3,2024,783,5201561050024014
0569cf0b4bc84479bb1835d1c4a62858,230940615ff5421991f99757d45848ff,205540,Freida Mcferren,9,2023,147,4556153246992603
0569cf0b4bc84479bb1835d1c4a62858,2407f75536244475a9aa78a2c0450d29,137619,Edgardo Fiorito,2,2024,986,5577270004286630
0569cf0b4bc84479bb1835d1c4a62858,27e3632ee5344503afcc262553e5023e,61477,Newton Soden,3,2022,791,5138692036125449
0569cf0b4bc84479bb1835d1c4a62858,29d57345ad5c4c948b40225a71c3646e,374528,Berry Wendel,10,2023,899,4539003370725497
0569cf0b4bc84479bb1835d1c4a62858,2a4bbcc38e364f12aeeb06f7ab99a9e7,208209,Bobby Clubb,5,2019,219,4761340000000035
0569cf0b4bc84479bb1835d1c4a62858,2cc2aaf96c6248cfae57e9e18998373e,397462,Garry Calcagno,7,2019,101,4716588836362104
0569cf0b4bc84479bb1835d1c4a62858,3265e371ea3a4514b03d027b07314094,372680,Shaniqua Lipsky,7,2022,649,4532650104137832
0569cf0b4bc84479bb1835d1c4a62858,34a57234dc18467987a496e27b97ea47,171012,Onita Lien,12,2019,141,5356066320271893
0569cf0b4bc84479bb1835d1c4a62858,35f64404542b4f1fa7e01b7287d299cf,217025,Thi Bankston,6,2024,461,5201561050024014
0569cf0b4bc84479bb1835d1c4a62858,39013bac334546bd9b5e89a7fdfc8a59,72086,Betsy Fraise,2,2023,881,4556153246992603
0569cf0b4bc84479bb1835d1c4a62858,3cc56b43bcca4b0fbd78034513e30038,189356,Rena Knepper,3,2024,225,5577270004286630
3a033c41ca7443ec958ca5be600d19aa,1e00a5736c4a4267a68302d47e77f36b,230524,Florentina Steier,11,2025,179,5138692036125449
3a033c41ca7443ec958ca5be600d19aa,1e23359edf6647dea58bc290c77e7516,84551,Dorthy Thierry,11,2022,121,4539003370725497
3a033c41ca7443ec958ca5be600d19aa,2d692ac89c21488696453214030f20cf,211183,Virginia Mook,7,2022,869,4761340000000035
3a033c41ca7443ec958ca5be600d19aa,361f60e460c445d19db476c5e5406f87,302263,Dianna Owings,1,2020,284,4716588836362104
8120232fdb8f4d958fdbd16282648218,0ecf5a1334f242ae895c3461dab3f7b7,377767,Laurena Kappler,6,2023,512,4532650104137832
8120232fdb8f4d958fdbd16282648218,1016f4e2406749cc8f45e57625461ee3,482043,Creola Sotomayor,5,2024,707,5356066320271893
8120232fdb8f4d958fdbd16282648218,11facd1738f74261b1be6a0b1d07910d,286913,Raphael Radley,6,2023,102,5201561050024014
8120232fdb8f4d958fdbd16282648218,2ec50b1fcf54478b9cd00d21e2c7abff,468438,Raven Reardon,1,2024,987,4556153246992603
8120232fdb8f4d958fdbd16282648218,396a231a08ad46b88d4a458287f00c02,491451,Kip Keltz,11,2024,930,5577270004286630
b09437c95d544e69b3f77675d7ac7f40,0bf0efb1fc5143158aeeffad7bef68d5,61940,Berniece Bryon,3,2019,691,5138692036125449
b4c70136e8c74be69061d40af58ca2a3,0212c4cd629e43479402c8149df9dd6f,295349,Teri Truehart,6,2023,563,4539003370725497
b4c70136e8c74be69061d40af58ca2a3,033e656f451c4ccdab0308509cb067af,300924,Benito Bulkley,11,2021,645,4761340000000035
b4c70136e8c74be69061d40af58ca2a3,03482fad34d54a9e81e145e7d5e078bb,118574,Barrie Bertelsen,9,2023,536,4716588836362104
b4c70136e8c74be69061d40af58ca2a3,07ce6c92cce24aab80cd98f782ffbf1a,170098,Ronald Rozell,1,2020,646,4532650104137832
b4c70136e8c74be69061d40af58ca2a3,083b99bae64544da80c95e78805b9762,484767,Jenny Jacobi,3,2019,621,5356066320271893
b4c70136e8c74be69061d40af58ca2a3,0862003ce48d488d8bb797f515e42b3f,433542,Mandy Mejorado,12,2023,170,5201561050024014
b4c70136e8c74be69061d40af58ca2a3,0932875950ec4448a070c0f322194f12,213405,Sook Stromain,12,2020,685,4556153246992603
b4c70136e8c74be69061d40af58ca2a3,0b41d5f0457e4dc1b37a50eab07dfe03,246401,Mckenzie Mcguinness,2,2021,116,5577270004286630
b4c70136e8c74be69061d40af58ca2a3,0b93f68ce0be42109f7b6fade9fa3f2b,91791,Roger Rappa,8,2024,224,5138692036125449
b4c70136e8c74be69061d40af58ca2a3,0f8250a91a574c84b22dda081888384f,199754,Earnest Ervin,11,2024,674,4539003370725497
b4c70136e8c74be69061d40af58ca2a3,125185936b1a4a18a9394b33bbd7f466,223397,Corrina Cevallos,5,2022,796,4761340000000035
b4c70136e8c74be69061d40af58ca2a3,1279919f6e4b45e597c43e1b7fd38598,17723,Giuseppina Gordy,6,2019,962,4716588836362104
b4c70136e8c74be69061d40af58ca2a3,19504ddb46944a67801064a6c83e5ba5,388424,Siobhan Sylvester,11,2019,522,4532650104137832
b4c70136e8c74be69061d40af58ca2a3,1a971d43be8341bda4000daf2b3d412b,408950,Patria Pietrowski,2,2025,523,5356066320271893
b4c70136e8c74be69061d40af58ca2a3,1b4e65eda6944ba2911d38f23b5fbfa6,379479,Daine Doane,1,2022,949,5201561050024014
b4c70136e8c74be69061d40af58ca2a3,1da21909ee8d4c59be1c9edcff394b3e,170544,Consuelo Caplinger,11,2023,378,4556153246992603
b4c70136e8c74be69061d40af58ca2a3,1e83c984cba84f24b0d96bec8936c344,194285,Lisa Lowrey,3,2022,745,5577270004286630
b4c70136e8c74be69061d40af58ca2a3,200fe31ff0264f2683e3627a787be6c1,449792,Jerome Jenney,8,2023,689,5138692036125449
b4c70136e8c74be69061d40af58ca2a3,2018a27f4dc04f39b60758223211a27d,186104,Alia Arboleda,3,2019,211,4539003370725497
b4c70136e8c74be69061d40af58ca2a3,25db88de7d98447bad12848b18dc2b09,61144,Trina Topper,3,2019,689,4761340000000035
b4c70136e8c74be69061d40af58ca2a3,25f78b5af9554e8a8f2fac627e3f323d,227410,Ryann Richer,5,2019,914,4716588836362104
b4c70136e8c74be69061d40af58ca2a3,286712b3027c40d2b01b79029fdc6e8b,453618,Tammara Trahan,4,2021,601,4532650104137832
b4c70136e8c74be69061d40af58ca2a3,286e956af9d843358fbd98622b1f0f9a,105858,Sheri Shropshire,6,2020,166,5356066320271893
b4c70136e8c74be69061d40af58ca2a3,28b2b4f2ee544ba58251cdcddc021278,138436,Lanell Lemelle,5,2020,726,5201561050024014
b4c70136e8c74be69061d40af58ca2a3,2cee08ccb803436a91aed19f857f0577,364609,Ayanna Ansley,7,2023,333,4556153246992603
b4c70136e8c74be69061d40af58ca2a3,2d6b26369c014f0fa92e2b18cb003e3f,417735,Arielle Arnett,9,2022,289,5577270004286630
b4c70136e8c74be69061d40af58ca2a3,2e23b713569c47be811e1d35a27940a4,494847,Cristin Chowdhury,10,2021,347,5138692036125449
b4c70136e8c74be69061d40af58ca2a3,31133e32b9464ff5a9ae833bdb97b9af,231027,Quinton Quinney,11,2022,769,4539003370725497
b4c70136e8c74be69061d40af58ca2a3,317ab4f12a6a423ba145ee71746f5ee3,150597,Maris Mora,1,2019,904,4761340000000035
b4c70136e8c74be69061d40af58ca2a3,334faf3b34e043c58fe11faa089d3144,49903,Evonne Easterling,6,2021,313,4716588836362104
b4c70136e8c74be69061d40af58ca2a3,33bc9b66b9df4828ad361d6057bc66c8,277727,Moshe Millette,5,2020,555,4532650104137832
b4c70136e8c74be69061d40af58ca2a3,3608c5a406394c5aaa7aa9275dd62298,248926,Omega Overcast,5,2025,837,5356066320271893
b4c70136e8c74be69061d40af58ca2a3,37b0327c63a44de99a1b0bdb74f1d85b,401446,Cortez Culpepper,9,2021,621,5201561050024014
b4c70136e8c74be69061d40af58ca2a3,38a379f9db1e4069af05317199b522a5,270453,Odessa Orduno,6,2019,495,4556153246992603
b4c70136e8c74be69061d40af58ca2a3,38cdb938b14e4f638775b1d9196f8539,137928,Janet Jaques,1,2020,512,5577270004286630
b4c70136e8c74be69061d40af58ca2a3,3b3bd1798fd941208d262160f7d6ca55,358281,Opal Odonoghue,2,2025,973,5138692036125449
b4c70136e8c74be69061d40af58ca2a3,3eb40ecf6c44452e947dbd3e77a53aeb,387622,Marcie Mangus,3,2019,531,4539003370725497
bfbc7a3c1ecf497ebf877a8468713a9a,37cdc332d41d46dba973ddae38f79a9f,363264,Cathie Carothers,10,2020,537,4761340000000035
c57f5c44256342998e598ab12b0f81d6,00f2a28a92ef4c4381a13755e7e39550,153455,Carolynn Cordero,5,2025,993,4716588836362104
c57f5c44256342998e598ab12b0f81d6,01744cca29dd4d3c8a88d6d7559368eb,157486,Cherry Coonrod,7,2019,554,4532650104137832
c57f5c44256342998e598ab12b0f81d6,0d97e8804157403e85e3dbbb0b0fd1b0,317065,Dena Dover,6,2020,590,5356066320271893
c57f5c44256342998e598ab12b0f81d6,28710ac3099946c2a07085120ee75d75,143127,Sydney Soden,6,2024,475,4556153246992603
f1ee0b1a627e4be0b38f0746d60fda35,090c527b557143928e085d28fdf9562e,337045,Thresa Torian,1,2025,511,5577270004286630
f1ee0b1a627e4be0b38f0746d60fda35,155eabde9c8a4fa09489dad9c3928681,265843,Temika Towers,10,2022,129,5138692036125449
f1ee0b1a627e4be0b38f0746d60fda35,3ec98f40bcd04e69827263a191aef78c,308079,Merle Minks,12,2021,812,4539003370725497